username,password,user_id,access_token
user.000000,04S8ztOMXmOwC85F,,
user.000001,oOOuiTcC2GRewKlx,,
user.000002,5xckiJ7befCEP1CZ,,
user.000003,t093g4qTA0pjZms3,,
user.000004,TzxDVDCXKaxOpR6K,,
user.000005,MzcD5Ukv7Km9ljq7,,
user.000006,YA8i2FWfDXw0begS,,
user.000007,J191RyM69jogqGKX,,
user.000008,999fklIhzWIbEtt3,,
user.000009,MHpk99f0kUkivF54,,
user.000010,iX2Ype91Otq40bYP,,
user.000011,2ALwJzzAJPZAeHyO,,
user.000012,mP7iBuazNbJsCiqn,,
user.000013,ZRuI6DuKQqHvr8Xa,,
user.000014,V9A0InvVBm9Q99Gc,,
user.000015,3AhTgzzFQyUEvp4U,,
user.000016,hQKDuTDnauKcORSA,,
user.000017,0KSJQ43E7tJq9Czw,,
user.000018,22Qh1mvdy1fE8XQh,,
user.000019,5tGifuOENknN3zyH,,
user.000020,1brb2IBrkNzCZgiv,,
user.000021,8jYHOCddGrr1Odm5,,
user.000022,Jt271zWn19Zw3WHz,,
user.000023,YcZ2a0cXLqDTLqmN,,
user.000024,GQXAclhrssOGMfeJ,,
user.000025,FRF3zx065S4UcTZC,,
user.000026,FI3IC1ROO9LwBigN,,
user.000027,casAcTwanLLqDoEy,,
user.000028,npg5JnJOtZIsfT55,,
user.000029,rhknLFB31XytGYUe,,
user.000030,tzG6LevPFQZvpXDp,,
user.000031,R3n99P0qaW5Rkj9W,,
user.000032,I0UtiUqk1nNfX5lf,,
user.000033,CeeRflyv2kcLsojN,,
user.000034,b4WWYHZaga7g4CKS,,
user.000035,nmqbGRxeurJ0yWXW,,
user.000036,HRlogeOOpaPzmMdU,,
user.000037,VJnDuFeSD2JcKdCu,,
user.000038,4NIzRQHnOjqYSVAC,,
user.000039,8ATrxkOacgNIdJF1,,
user.000040,0eMeii9IE9rFoGUN,,
user.000041,fAZWVOztRMCwTiLG,,
user.000042,ScLOrpBqvFzPwIQe,,
user.000043,BZR2ISIb1fRZyF4i,,
user.000044,CxcSOJGJ72xwizxz,,
user.000045,I1PS8YqInb5RGWlp,,
user.000046,XPBV0wZnmLxnNnQn,,
user.000047,AmuE7mdZv8OogesO,,
user.000048,EHHVcuQgxg6llNSo,,
user.000049,4Q2wiDBlk3Do5Dgd,,
user.000050,XcFWqrvkqTzGjrvF,,
user.000051,3sXsF51b14Pdp8l7,,
user.000052,hxF3saxf7WV5Smyk,,
user.000053,P52RT1sTibLi4DMI,,
user.000054,sa3tQCDR8Ggt6dow,,
user.000055,Ne4EeVVDS7t7dwnC,,
user.000056,FxWJ9XvKyd3sOStS,,
user.000057,4ZscWpXb4VkC61S8,,
user.000058,9WXdL0D67geu71ln,,
user.000059,iUTTITXW6l3CgysY,,
user.000060,oVZ0zqxWbPM3DZJa,,
user.000061,axzQxen1KCP7pMEZ,,
user.000062,QxAS2t2mbgANyPsK,,
user.000063,aHXSRXWNnE4zaJCK,,
user.000064,c4d3LgOm7Ao8477w,,
user.000065,bPbmPAK8pUmRR4oK,,
user.000066,4rbtOKEnvwqUyk0a,,
user.000067,1bvWCBgRWpsFEdbe,,
user.000068,s7TfBAs4MM8yvSIc,,
user.000069,YutLgdKj1xijTphU,,
user.000070,qCCkkQfw2VlBy3Fo,,
user.000071,AmDd4k7uWnOvKaW2,,
user.000072,5iAdWbgOAreeo0ua,,
user.000073,4iOZZWyoSgSMDPhF,,
user.000074,h6tXpmAdaBLbaZa0,,
user.000075,vsQCNOtThc36fLLG,,
user.000076,Db1YH1vVClyWHSeC,,
user.000077,w1pzbqpZzgLCZe0v,,
user.000078,ttWwjKyvXVicxYZP,,
user.000079,jLr3NOoBPYviyQj1,,
user.000080,kUAUfYYpOlOgElHR,,
user.000081,c96tI62NEoq46viQ,,
user.000082,8rA3x5nPGCHM9yJ5,,
user.000083,toTChYRSZYUHDsny,,
user.000084,2qUlAVVsZZcDr21W,,
user.000085,7Ksk4qLV2b5LE6NG,,
user.000086,7dF0grV0zugcfBNo,,
user.000087,v9h5LmR60rZsaC9D,,
user.000088,QsrKqzA1NOZzuNf2,,
user.000089,3KbPDBX3igcKDXPr,,
user.000090,eUlyiDcs3BGdHsVS,,
user.000091,au2sUsO5gRNHIzi4,,
user.000092,xmlegsReyujZEncj,,
user.000093,aUsUOPUaCELAZHcY,,
user.000094,7pJ8L2jw97KjsBt2,,
user.000095,dSVVdsJVMHOspHEB,,
user.000096,5ZQJm5MRsmnGeyrx,,
user.000097,AsoB9Vj91o2QaBv2,,
user.000098,T8fgsKNOcxtqyJf2,,
user.000099,1MCIq078Eyi4S16V,,
user.000100,A48e8VMBbMtb5t74,,
user.000101,rAx4PnnXJxbLa6Gh,,
user.000102,W63Bdu35JjSSVgqo,,
user.000103,C5vexmPRfEsSAm4c,,
user.000104,2DpsrCUkhuLIHrWu,,
user.000105,jtMUnjcmTv2UaDH7,,
user.000106,QEZh6BxX8y9y8caZ,,
user.000107,uwUicBgGur6zjG7k,,
user.000108,XmNQPESYIUHI2ktn,,
user.000109,ESXJaOB9vD7noUZh,,
user.000110,gKQfh2acppqnzNrv,,
user.000111,yQSl8xOuTPDXqRkc,,
user.000112,IkRePoF4t4jXT8BE,,
user.000113,2bntZcBESjCNEG14,,
user.000114,wHDMtgH4JuBOKN1G,,
user.000115,amJBPwyWRYS64Ekx,,
user.000116,PkFSLJE6NHg816Ld,,
user.000117,tkwp39Dci0DMoc1b,,
user.000118,P66QktTqeB5Dc1Q6,,
user.000119,GS3tiEWzaKmD39Sb,,
user.000120,yM22Q0kkbaLamdGV,,
user.000121,9oxGHX55busl9cDo,,
user.000122,mmsaof0ixZhe1rbH,,
user.000123,3g8XA839AMUvtmld,,
user.000124,1vAUQLJL722X00ms,,
user.000125,1CAnig5rAZpgot2t,,
user.000126,vj4mbtuXTKQDNpg8,,
user.000127,eOHgOhr4vFpHk3im,,
user.000128,gvVuAmsTgj3FXtEg,,
user.000129,6UW1hhtMTikZCXt9,,
user.000130,Nc1pgTRpgUub2xgg,,
user.000131,0cJuWscqryvhe5IC,,
user.000132,NwoYmpxnTMlz30rh,,
user.000133,VRJSQcvsK2TXXiV8,,
user.000134,gZJAJAVUyQdqXJEc,,
user.000135,m6nfLeZX9rvAEuS6,,
user.000136,pIumvQT438LirhLC,,
user.000137,8z4XnDrcvJ7OGK0F,,
user.000138,x7ZJv6DpmXJVJbem,,
user.000139,4rlVU5oqrMsAfkAf,,
user.000140,0wd5XnO0B6TrzTfI,,
user.000141,PqN81rfI9h69L4pE,,
user.000142,xfjdNuTKGKR406YO,,
user.000143,WPBNH0cOjndg7Vuy,,
user.000144,z7tDpnPfDy9T11qT,,
user.000145,eofrE0RTsZ8QKMoW,,
user.000146,hAei6BeuYhwMOMRe,,
user.000147,eaxFer4IlT25xWyT,,
user.000148,UlUTm6ABpUoLgJey,,
user.000149,N3J6XFyNGmFzm2hK,,
user.000150,AsGGdkHwnPq8mytF,,
user.000151,pPD6ugGVXCeirSJd,,
user.000152,FUOPE5eV6xngK5B3,,
user.000153,ujHUZp2BQxwQBrF5,,
user.000154,aDm5ee2q3R5bQ9Kf,,
user.000155,2sEt8HmHfCFGbRbG,,
user.000156,LICWKISn216Yup1f,,
user.000157,W8DU3uiWCd6Hguax,,
user.000158,visIVduz5pgmiubB,,
user.000159,fYw6M5fjWbQtEm5x,,
user.000160,8uJS1c0Lodc4ZjxX,,
user.000161,p94gk51UFQSdUO0u,,
user.000162,uZvPuoQbQXDMfuT4,,
user.000163,XtKH11jC2cTHppBz,,
user.000164,uIhtda086NcfVxMM,,
user.000165,SbDztqDZ0aMPi2fu,,
user.000166,yHzIomLphWtngG35,,
user.000167,3OZNNAlqkJvT0t1G,,
user.000168,aemYeaFUawsxKh3w,,
user.000169,zDppWzyxLNdyUgme,,
user.000170,ZLEZPf4j06FZG2Bv,,
user.000171,Niy5HdugI0OiGQWo,,
user.000172,p22YWdo9E4aK5GNV,,
user.000173,oV8UvacqOUGEZmdI,,
user.000174,iFQaeEMGHAtiEZWz,,
user.000175,Qq9d0Dq29JN1tzyR,,
user.000176,psAhpTQ7ytbnjH7S,,
user.000177,GLGF3jpAxazdgIvf,,
user.000178,Tk8Qb2lIMsVlSOdI,,
user.000179,brXNTLA9pyYgUkTe,,
user.000180,9htIG1BD9wfNRo1J,,
user.000181,cTu5skd7vW1P47hj,,
user.000182,h541SfhXdcONm5My,,
user.000183,Wh0tTZATy6tGMUB9,,
user.000184,s59O7Zi98Ht1SJdo,,
user.000185,EZwggj818h0w4P15,,
user.000186,FOU90UOb1EqqIjg9,,
user.000187,NUxa4ULmds728ZIF,,
user.000188,3hpvt0ZjnXMD2YUs,,
user.000189,spePKcrIb9KgeUj0,,
user.000190,G1wRAATLnekZxJXO,,
user.000191,r6DdcgAER8btWwPz,,
user.000192,aYkZwSJS71tH62cK,,
user.000193,3MZ379KvKEkyDjKS,,
user.000194,WNDSOGSsQKniCLjC,,
user.000195,yf47TjDjtcfdv4al,,
user.000196,vS5t0QKlnyPsJfrY,,
user.000197,dkrX9PJiFLyjNwNs,,
user.000198,f5v68Xxlmm3ReF0m,,
user.000199,QZs5Mnd79oiTwQik,,
user.000200,U5RYPcdwcnk6Koic,,
user.000201,qcMec6o7J0UrisIu,,
user.000202,yucFqadpGoJeYwhb,,
user.000203,wchiiUAEpmQh8Uam,,
user.000204,SESSWyO0D7TzalUZ,,
user.000205,QPrxKwOdy2NLEMVm,,
user.000206,LzYxQdHeZQaygz3f,,
user.000207,ZmpRdC3eGrLqf2Mh,,
user.000208,G4y9aAlum9kmeW1H,,
user.000209,b8zyz06RQrCPbQpq,,
user.000210,sPEjKvfnFVxBr9t7,,
user.000211,dYLE9HPWP1w6PTYE,,
user.000212,C97jRmwPubRiRH0Y,,
user.000213,qGURue7JHQArdzGw,,
user.000214,0xbX5UX5j4OGyqRX,,
user.000215,5p1L9gQYE43zNpn7,,
user.000216,iSNKOW37cIctjzEw,,
user.000217,XAAJZnZ1dB1lRfzz,,
user.000218,9pUvS2yZCWI10qNQ,,
user.000219,UoDQnEwqSjkzxTE6,,
user.000220,UnGwDcyPSJiJ5TD2,,
user.000221,QgWPSIETuXIMEDha,,
user.000222,iveUfp7GPUFfQfqH,,
user.000223,KsG8Ra8IOX9BGbaH,,
user.000224,cDA7M4zyJsjBfy30,,
user.000225,MLXManzT4l2Iqolw,,
user.000226,aylR8nklE1fxymmk,,
user.000227,vREvesXMgXTmGGn2,,
user.000228,5r97kU2VEIWQ8QNX,,
user.000229,YLpJf7mKCkpATW7j,,
user.000230,xqIkC6XmDILbXZA2,,
user.000231,gKBk3tSCqpmNyIuf,,
user.000232,f0EUGc154ApQd1UU,,
user.000233,2CMowfhkjkuB0PAE,,
user.000234,BLODbGncgRGEGUc6,,
user.000235,VyDaE10creOcTpA9,,
user.000236,Cywa8wNg8h7SWPXm,,
user.000237,CI0Eet5f6V7NlNii,,
user.000238,lNDvJbsBpO9yqEkA,,
user.000239,ee2783s9BgRYQUpo,,
user.000240,nT1RDPejaGZf0JSC,,
user.000241,LxJVfYN8hxNJvoyR,,
user.000242,PccETrMRPnN1ZpTc,,
user.000243,uYJKbT53ilegkE1C,,
user.000244,ObUhAF3tTDb6hnuM,,
user.000245,RXK0fGBoXldWE4ID,,
user.000246,rW6hAVoZhZbomeR5,,
user.000247,HrQ2x6TNGdwJDfKX,,
user.000248,bJOfrwjDlsNrlPpu,,
user.000249,T2TtkX2duPXqHIeM,,
user.000250,xMHp7VppPex7Aj6r,,
user.000251,sFYVqW2EI4Mlmrcu,,
user.000252,9YAImisl81u4PwGD,,
user.000253,WJ14j6QnKYbqM3bQ,,
user.000254,DWnkwKHHl4JLhr8X,,
user.000255,cfBYKG9Cfht0nyAR,,
user.000256,FJYbzqbhderMHR4e,,
user.000257,2CPfnyVm9QhIFXNL,,
user.000258,flP4Mq7VgnnHkJkt,,
user.000259,9TCRmAZ0s7CWTn02,,
user.000260,xFmxDX4OCyB9Vttu,,
user.000261,KpHeWWqpd2MwHMcE,,
user.000262,l4mabIFIKkjwGMXO,,
user.000263,FEitowugneo0eeq4,,
user.000264,FVpexAZWuI9Dtogg,,
user.000265,JptEGTGyYYgfq2kR,,
user.000266,EtZ6HPtZG90XPjQL,,
user.000267,9JUQwo1r2WgU97W0,,
user.000268,oScG7nb5A4oi6Bk4,,
user.000269,daSa85stY9xm0tCv,,
user.000270,wfLkHR2LH9zvHuLQ,,
user.000271,vt2kczBkMUqkd9Zv,,
user.000272,V9pTzecHIoo9UCYp,,
user.000273,Gd9DlqDuLez6Hk0v,,
user.000274,O6GAq7ZqOFiCc2t1,,
user.000275,KfsSaiCmdI6XvhWD,,
user.000276,7jBqrNEQVR4SPqiz,,
user.000277,8Ru6mziH9UVg5ODN,,
user.000278,fUs8ePw5te6EA8t7,,
user.000279,KHK8tY3JT3KEW3pr,,
user.000280,GP2ly4Q7paH6NdqZ,,
user.000281,ED7r7PiNVgioJz3R,,
user.000282,OM5Nl1qf3zX5Sg0x,,
user.000283,zYsRIxJAsQjukoX7,,
user.000284,AcxuykjTGzKhLHlZ,,
user.000285,N2YvkZM8MAwrdRTk,,
user.000286,JKaAcfZyjaWpm6b6,,
user.000287,EUebBizCLEbL0wiH,,
user.000288,9qDAm5SZOroVVtUX,,
user.000289,49lcSluUOnL67Aqm,,
user.000290,nBdXIQda59AJbgTs,,
user.000291,9mmRjWpydDDk29AK,,
user.000292,5jrfkHvobDCQrBQD,,
user.000293,ic2RZeK4VtwCu5nJ,,
user.000294,QRSsSBwqQeSAX12j,,
user.000295,BcX3FsDSYyWvEqJj,,
user.000296,gfYPn9E6F5rtfltc,,
user.000297,GWeMFnhml37wz0Nh,,
user.000298,PK8R0t3KDrP9cehv,,
user.000299,AkwR9B2JPQspwrt0,,
user.000300,AWWUESWXWZvOXo1v,,
user.000301,n0CY66RBBfXO6pOs,,
user.000302,EVBzv4btx2P83ak5,,
user.000303,hpuGPfsmzE9URF8O,,
user.000304,MTbDjaFrUcQLfxQp,,
user.000305,kdRzAhy7UsSNxkSw,,
user.000306,eV6FwwvdSul7kgxC,,
user.000307,73mP20T1U4djArKH,,
user.000308,ns1NjteRr540eM9V,,
user.000309,yeAu9ziLIR4zrU9X,,
user.000310,kS1pNS7WTG3Dr4VD,,
user.000311,vlh0UFZ0D4AhDWEA,,
user.000312,SOOm2TnImCK4X8Sw,,
user.000313,wgaWlaLlnQhJ8Rfw,,
user.000314,E0P6LKi7dBMiom8d,,
user.000315,YS0oNr17NitffwCS,,
user.000316,r4ngHeF05XAcdy6w,,
user.000317,mYBkPieUcgRWk3RZ,,
user.000318,u1PmafmnhvY50eh1,,
user.000319,ka2E74eMe0nwHo5K,,
user.000320,1vesouvK6Zqrtweb,,
user.000321,WRTLKknQpMGSAXSo,,
user.000322,DCytSW0mbB29osrz,,
user.000323,1dfcZDA7bofG3725,,
user.000324,Cu64M8LzY7G5waqc,,
user.000325,dYeFS2DLC4iKQuda,,
user.000326,FuaQDE7t3s76p2s6,,
user.000327,fW04CgTUri4N5Pe1,,
user.000328,68weJSXJ9MBDCCNe,,
user.000329,b01KiKzdF3CzuVo7,,
user.000330,EIIDwJUlFSlwVtvO,,
user.000331,S6leW0J0gIOakArp,,
user.000332,rVyd0nIetHWzyFmz,,
user.000333,TKLWsKQg9HFgS7ke,,
user.000334,8a8ePp0TMER4PPdf,,
user.000335,5RPabqtd9c6jmkd0,,
user.000336,jelwLBdW2sjEI7h8,,
user.000337,VcuzEcKQ26wcMKjD,,
user.000338,Wtdpxv55cWiHixc7,,
user.000339,i4QN4qMtU1VXfyH5,,
user.000340,Mn4XXyR3tRuoUajD,,
user.000341,zfN3WlR4divjlQZf,,
user.000342,7e2O3hT5UxEKwdJD,,
user.000343,X0bMtfu7GiZ6pZ7G,,
user.000344,TXRTXVHQgCR8OiIT,,
user.000345,H4JWNgSubxtfnrUC,,
user.000346,JybeIIysEGHHFfKF,,
user.000347,xQ2mVmxMS4CTidbm,,
user.000348,kbd6IKYbZqA66YwA,,
user.000349,RKkMKCx3NjbYMNiu,,
user.000350,wOzPPtSaXJEIugcp,,
user.000351,OfTKhD6YbcZ8gB9E,,
user.000352,SN9HJGsOp0WSeCZh,,
user.000353,RlpklI0J5J1p9lzx,,
user.000354,77hv1mpQ8KmB03d1,,
user.000355,GTmJr0dsCyEmp6Wl,,
user.000356,3yQkaf9hAtOBsmPG,,
user.000357,IQVNc2Cuke0eFu1d,,
user.000358,udxScOuJ0EUJLPGK,,
user.000359,FjldA7mNm3bGgggy,,
user.000360,NF8OKWO4yYgcjNby,,
user.000361,rPboemGB4Xs84eh2,,
user.000362,58QOTrAfjchJmRZ0,,
user.000363,J1cZUanv5obuCK78,,
user.000364,45KfRkrTTHvQ9zgE,,
user.000365,m9QeZx8wNCIZ7D34,,
user.000366,8eZcCbEg1FtnWug7,,
user.000367,nCm3LyTOBttnLboN,,
user.000368,On2Ksu3WO9WQXAmf,,
user.000369,wRAdEjDTsmCkt2vS,,
user.000370,k2h6peYt7G0vyJTQ,,
user.000371,FNttf6I338AeN5xA,,
user.000372,PMmxj7ZATvb5lfen,,
user.000373,7uay7ctEX3ATIeeE,,
user.000374,znZ57CpxgZNIMqkU,,
user.000375,ArGiVQQ0KIC58whQ,,
user.000376,fp0KTv7FyhkwvDbS,,
user.000377,wnEy20rtnTLT5ffR,,
user.000378,ZQ5KGmfuM4mH9HFV,,
user.000379,9mTKXOrCMzup1RAF,,
user.000380,txPfrMPZo6Q0cuIl,,
user.000381,Omd8IS0MHPM2ZgYE,,
user.000382,tjBJ88aRFoz9cfHY,,
user.000383,uT3SpwtUVc1HdWje,,
user.000384,zRu1tY3uOGKJsify,,
user.000385,xoV0hFEnnMIIhps6,,
user.000386,liF9SitdAm7qVA8X,,
user.000387,snbP5roOwuMfXQ5U,,
user.000388,ZuTMfx7GqV7W5tQ5,,
user.000389,2XtyFZ1YapAsZon3,,
user.000390,4sf7X4KRkI85qR9s,,
user.000391,EphI7i03FAuHzabM,,
user.000392,WNjmbjMyIyQWbfRU,,
user.000393,CJQ7uliUoEAnidoo,,
user.000394,9bWqmeQi75bmiUh5,,
user.000395,ZTgR2zlUXPwwR6OT,,
user.000396,Dgpn66KrNXFcIeKG,,
user.000397,M4PXq4gb5B7RrLtI,,
user.000398,YCdB1FnlPbcStRZv,,
user.000399,2gbp86YlrMedWGrV,,
user.000400,yCfLQV9RsmAuSyVA,,
user.000401,gYgKzbWyNcfPtZU9,,
user.000402,3bxz2QBmVAp8jIhF,,
user.000403,EyTtmSN2DrCeNIxG,,
user.000404,ekhV5OdYibMvWlkD,,
user.000405,R1uXOnuKOKtA0q0M,,
user.000406,pzTpLjuX90cjHOyN,,
user.000407,VnScD9eBQBfIjjSH,,
user.000408,ArsPe8wL23E5Vn7b,,
user.000409,mahYCgaIGZLGB3aI,,
user.000410,fHVB4r6rvtOyqWLv,,
user.000411,OOb1ItCEQgyV9CVH,,
user.000412,l6BMdjvUzsCguBhV,,
user.000413,VcRD1oxVDFjyQQWk,,
user.000414,k3N71MBMMdptLL56,,
user.000415,gWpPeA0NXyCrA40C,,
user.000416,0Nh712940guEnk45,,
user.000417,NALRJ2Luyhdu3Mo7,,
user.000418,GD3pgCN8yyNMSUN5,,
user.000419,U2YQltjWRrkdt7s0,,
user.000420,8NdbajDy8ZSv9xk0,,
user.000421,jigUUVA34UaqvPr8,,
user.000422,DFDaBWRVNO14aRWk,,
user.000423,NxPTJSbPSMNwWZI3,,
user.000424,wgmfHSD36q0ve1Jq,,
user.000425,Y3c1HaHR39QUFlV1,,
user.000426,Gki2lU2dAqSeKAYh,,
user.000427,JQSK9s0oHkKHfmIG,,
user.000428,qrcjG4z2kOBIAQrM,,
user.000429,2tBZQS2FV9LUEl1N,,
user.000430,yibEFjkA0Hzlql6T,,
user.000431,6gVRfYBwtyDov2f5,,
user.000432,wUK063yJO7Bx8SV1,,
user.000433,lNkd4uh7qPSjyweE,,
user.000434,C1z6nW62cRllQ0II,,
user.000435,zqqlF44mUKoND0Vw,,
user.000436,TcmM35tztI1WZ4bD,,
user.000437,atHrK8B3QQABFSmp,,
user.000438,gIkIAZ7aolANzVIk,,
user.000439,ZidcRpJq5wvSYuc0,,
user.000440,iRLBV7cod6qGKXqD,,
user.000441,N37LtdZgqWrCi2Ww,,
user.000442,4en4HzVWneUcKecK,,
user.000443,4ofE8TOiDlihA7Xv,,
user.000444,5P7aHjHWvL7OZhoO,,
user.000445,uLAIsJUH8crmeF9W,,
user.000446,YSVc9Jh9wg28l5Rh,,
user.000447,gflnU9Ud9g2E85tj,,
user.000448,txCGmvIU6e9iX7lb,,
user.000449,U7qxpbWbtuJS5XDe,,
user.000450,zGWSGXqtYmM0abOk,,
user.000451,yndQszpqTkxCvRcD,,
user.000452,rnRvK3ygTkbUEcg1,,
user.000453,NmG4W6wW4sfTiHd8,,
user.000454,bSIJao1VYvXVZxtr,,
user.000455,3UOathL9RYkrLFPE,,
user.000456,84VhBpbjIWsybszu,,
user.000457,XJfWNw3uLPjsc0i9,,
user.000458,3QMrInPRsapo4RsG,,
user.000459,aSmcmI1ZOrcW0m2E,,
user.000460,dGA6EfGjlact6PiC,,
user.000461,9SlrJL6Nutzze5rG,,
user.000462,NUyZbNaWifNyy0zX,,
user.000463,ZqFJprpTLCPyALDe,,
user.000464,pqUg2AMxH7wy5Oyr,,
user.000465,5i0tFj0CTXHiRQL2,,
user.000466,6UazSqz7kbPhNr8T,,
user.000467,ctJBU6SCKc5wLLHK,,
user.000468,L7nOpHfaDzVh6tNk,,
user.000469,OOSnFuVn7Bzy8kMD,,
user.000470,mJIzDoooOaAc3e5a,,
user.000471,Ebdnx6YKNpWLYaSh,,
user.000472,a5JnlrSRVsGwdN62,,
user.000473,L48G8MPUXcJWZSZF,,
user.000474,qQFWqI5jS10XDlei,,
user.000475,1cRiTlZ479RIa70S,,
user.000476,oyh6nWrTbkrnBqxu,,
user.000477,YkP29hDI9N0hXFje,,
user.000478,LSZ0cjIx2Gbae66y,,
user.000479,Yqi0fgfFP66uoMeR,,
user.000480,q7PRQ0MENcCxlzWq,,
user.000481,NErAligAjDV894ih,,
user.000482,NgLQQgLa4cT6munI,,
user.000483,MPnqFgf6m3wRJPhD,,
user.000484,oc2ysZhMMiKhij2l,,
user.000485,KTiqbsxUbfomcU0w,,
user.000486,HsBIss35aU8yzHEi,,
user.000487,AfFPiB6Fr6mIwATl,,
user.000488,ypLCyMU3VZadPkkG,,
user.000489,e1D2EHyf4V4z31PJ,,
user.000490,8JbaFY9sbmYkruf4,,
user.000491,8WGKOxRzm69u0RwL,,
user.000492,gdxZstXYasft06Zt,,
user.000493,9Gfu2I8Ua5QebMWd,,
user.000494,98FjnbESscHR4GPy,,
user.000495,sYt206nyQ06ZlFHU,,
user.000496,aSA3gVxute282ZH2,,
user.000497,OA4KHNFuIBz331zz,,
user.000498,8impCCh5IAz03oL1,,
user.000499,L1ktm0NBdqKU2F7y,,
user.000500,hOZzIcClAB6VOLT0,,
user.000501,zxW6mSqPTosBLP7Q,,
user.000502,eM9eVs7cxbKUYfES,,
user.000503,yxan2CaiNrxiYqvT,,
user.000504,RV98iHQMUS5Lcyhe,,
user.000505,B158moHgAylPPF4G,,
user.000506,xD4n7Q1nUagc7gVa,,
user.000507,gDZ9VILkOmPIqPfA,,
user.000508,7BQdopIzXdcRLe8A,,
user.000509,bEQjwhWlyEifidgG,,
user.000510,PYY3JK7kNvinIRrE,,
user.000511,kbvEyTpUu3N69OLG,,
user.000512,uejBviR7ljMoQtdz,,
user.000513,sXkZ7yR1x5DfB9h8,,
user.000514,m1bJLgpblgTlQTfR,,
user.000515,r9PmlEzEBkv7qI8t,,
user.000516,UaArkM69qASeMPFO,,
user.000517,YUp5LhuTUHQ3D2t0,,
user.000518,A9GQkOw4uofNJY9b,,
user.000519,hBBL8JPwYojs7WBt,,
user.000520,wm3FPzCcRBSlJxJy,,
user.000521,sFqW4fRGP083hjJe,,
user.000522,g5RyRUaKvy0roavJ,,
user.000523,zjfFzvyJaqUGGHo4,,
user.000524,tKcQiAEtgGA96r7T,,
user.000525,G9qI5h1xANFD1xhL,,
user.000526,1VfHAmO4V1wHLvuo,,
user.000527,QJBww4p8dK5207v4,,
user.000528,H2pIv1QWVZrAF7UC,,
user.000529,jGED1s1dah5gYIKL,,
user.000530,FPsn7fnjtGxlNskU,,
user.000531,D4FPzot56JvPjzhz,,
user.000532,dVr6UbTFNGAt0va5,,
user.000533,cH5pB3Fz70CtlXCs,,
user.000534,YssoemAMekGylvf1,,
user.000535,CdjKbLHCnSm85coZ,,
user.000536,3jMrMrtdG6oahSSf,,
user.000537,vjZt1JjTRN7OfFJX,,
user.000538,qwCKi0DnRG8zN6HS,,
user.000539,4DDrbKQ62FvFYSsw,,
user.000540,FplUYAuTqiCiMXRa,,
user.000541,9CaIIvY63Xc7rYHI,,
user.000542,voTkDDeILeJPhafQ,,
user.000543,jx7tjWTgrRDE02x6,,
user.000544,4fncykGSHNfX0lRn,,
user.000545,xkLd3gPOGGhial7o,,
user.000546,XYTa8HdTuRzBecjF,,
user.000547,IqOWVra3r4yvsFtJ,,
user.000548,ZhbmUAQ7zrV76s05,,
user.000549,xfycB8t8487wEEXO,,
user.000550,zpUo8rJtpC52Cl8d,,
user.000551,XPUJ5b5CtRxIO29G,,
user.000552,ZWtFqGtzBfJpdVox,,
user.000553,Hfn33iVvRPAfpDgJ,,
user.000554,ZVhVT6SEkfMzIcFP,,
user.000555,Nt4cJ4wJSa8lApF9,,
user.000556,HLuGHeguJgTCHQ2h,,
user.000557,GtmWs7Ou6gGBUkX0,,
user.000558,pab8UbsfDd4OI0or,,
user.000559,bhv1cVc19juhv8wp,,
user.000560,1qnPqRRjcc3coYAX,,
user.000561,MhbriVYTT02wyVdA,,
user.000562,9xcOVZBDu5VEwL7U,,
user.000563,QASTQDCjnX3v0pdU,,
user.000564,wuEgS193wh5vIQR7,,
user.000565,CAfSgTB33Mcc2fQu,,
user.000566,9i42HgDgeQeYJ0DU,,
user.000567,nYvCa4jJsgEkGC3a,,
user.000568,rvqjqRLfEsGZhMD2,,
user.000569,lesB6R1ljESNlZm3,,
user.000570,csJNwCKzBNFTSSDZ,,
user.000571,Tx3gAixQStnKAkta,,
user.000572,2wT0pMXFvVl3f05B,,
user.000573,cjqyQZI3kGt0F5fT,,
user.000574,ZzWS2hPf800O84Td,,
user.000575,sifQLIHHoFc5t7rm,,
user.000576,9CLI7SfJnXNPZrIn,,
user.000577,rbpxtliGmmD8ToVJ,,
user.000578,99xCOBJIf2F61LLX,,
user.000579,IAsfO8d0txXuDfpR,,
user.000580,F81vixoqpjK9ZR3R,,
user.000581,taPUXpqYpDK8mEXB,,
user.000582,EnLiBNEuhAPUf5gJ,,
user.000583,jzP9WbxXXc3EZaKj,,
user.000584,UzVMx2c2l90iBCEk,,
user.000585,BXIjKEuB0wh0goD7,,
user.000586,4U69YroX3gKsgXsh,,
user.000587,rZPK2cbRclmWkO5F,,
user.000588,oVIHQt5d0AWmFNz5,,
user.000589,4ebsxcucoBzMQhpE,,
user.000590,SuRQfoa7naJxDGBO,,
user.000591,7kzpH6TYHMwGJmtz,,
user.000592,SdM76BAU4N6JL7s7,,
user.000593,g9B9VwhUOzKg72t4,,
user.000594,M8uIbGrxlfQPX3Vq,,
user.000595,qWoG2GEb3yfc4a7S,,
user.000596,LusOPn1z2jT43dhQ,,
user.000597,U7AjtbZsVybmOkAS,,
user.000598,BtaV5eeHbKl5f1At,,
user.000599,cRnVlEFpoQiCE5vT,,
user.000600,7vI4alUFndN86LrW,,
user.000601,66jRs48dnGsKR01y,,
user.000602,DBzJFBskjc5yVuBm,,
user.000603,phLUGSllv7nxxq1Q,,
user.000604,kbdcHtlgKtqBElMU,,
user.000605,SynKoaFwGGI6mcRB,,
user.000606,pPenX81nUJ8xk9gZ,,
user.000607,QPmTnUNDJWaU47XL,,
user.000608,9ymQtVmK8PRpkvYW,,
user.000609,E5DYsgO44UjYRBVb,,
user.000610,EY7d8I6mSgucZxS9,,
user.000611,7qbWo4NWc6Ttq4a0,,
user.000612,vzUpx3JK9ItUJtUy,,
user.000613,tSFNmnjNHjuXyraD,,
user.000614,mQQTIxbuyCU4TlRA,,
user.000615,sGzRsFuw4TvYiTdJ,,
user.000616,rkoHOVKwadK5dbNI,,
user.000617,BIl0xnxRp34OLWFS,,
user.000618,1bkZeydBE2ma2ArG,,
user.000619,kdeWULydHGrOy67B,,
user.000620,5kdys5Xl9urFEHQr,,
user.000621,1BIgV7QRN5MHSN8y,,
user.000622,3oRS0mj0b6DWuZY2,,
user.000623,hp1Vzs2Boc7MYaQ9,,
user.000624,h1PKEHbnhv2xVjtC,,
user.000625,ZWAzDsK6qGIqnnVD,,
user.000626,RlqBczxAgSnTMice,,
user.000627,TdvbOvdBWqL9bV4A,,
user.000628,CVtwfvLGKy1Vp0Lp,,
user.000629,7v1O9wot03epk2XM,,
user.000630,o9doc95f4TjnAo66,,
user.000631,ytFoLFSMf575oqMK,,
user.000632,TmPFJo8yVW6Tvb8b,,
user.000633,PBTFeGEmIi4Y16xD,,
user.000634,t2wOZ1oprwKNwne2,,
user.000635,9EdHGX5dwZcV8j5s,,
user.000636,P42SQjYyryBnlATN,,
user.000637,nbSSlo1P8vUSIaMN,,
user.000638,y3uhQfCagsgrzwLx,,
user.000639,Tt4VBnVqJKxWiwoG,,
user.000640,YWTgDdQWPcDpH3NJ,,
user.000641,H0PrY50DF4vVqQtJ,,
user.000642,uWitojNyFeUwnmIy,,
user.000643,ecOaZlMzWvzx1uIa,,
user.000644,zIrEBcvvZsoz9Gdw,,
user.000645,3d7bRLsNV7IjQkw0,,
user.000646,YAFUxvyxpq69DSXi,,
user.000647,u6fpV51Azx0N5FaO,,
user.000648,NY8BXGyL6EGGVFZh,,
user.000649,m2Twbl8bNspbnMPf,,
user.000650,7Ea7RLe8B3qceBtY,,
user.000651,mZKpIYdg2s25sWJP,,
user.000652,OZv2KVBS8bqM0a6v,,
user.000653,MQ1sPIPDWpt3Ynyu,,
user.000654,eWecvT5p8YlcvKu9,,
user.000655,Fm3k68MDv8vyq2d4,,
user.000656,RWTXoBlAjB9mVUsk,,
user.000657,ZmP0gagrl5yu6Yg3,,
user.000658,INXtq1PVkFkvw3Uk,,
user.000659,ruVWNWzSKrTsZZ3V,,
user.000660,UoZ66eBNPDcXVY0v,,
user.000661,oFFEdAwcEGmtkr08,,
user.000662,OP3u5GriUDbBfS17,,
user.000663,cpDGEhIPch5ywDxB,,
user.000664,jqazBe2myjev18Nr,,
user.000665,W5waULFeWGeRTgS1,,
user.000666,L51gRW9fAhpNgg9E,,
user.000667,BRFiXDiCzaRpvcpf,,
user.000668,3S2qgzGgr9naHAL1,,
user.000669,bx6uVrY8fYlknafM,,
user.000670,t9yq93kmD2Rk9frH,,
user.000671,0BlyhbCduYoJZzCN,,
user.000672,WkQZrFlry0El5wq6,,
user.000673,ZWD9P87ynVUkUA4F,,
user.000674,l8oiO37BZl4ydXs9,,
user.000675,tdr7jNKX3AD2hp8g,,
user.000676,V20wv2ISw2PxpG58,,
user.000677,hj29eYJraHhIC5Ho,,
user.000678,DMklSMVtacVHfTYE,,
user.000679,tHY69wK5xesCzNJ2,,
user.000680,cuY1dF3gbxBfJ8Na,,
user.000681,N6B9ZCj82FSakVKP,,
user.000682,QZklPCcKP3zhiuFf,,
user.000683,TBD9qdqTAV0xf0TJ,,
user.000684,woagCWeJbOeUj34B,,
user.000685,jvchq57H9gQ1zOaE,,
user.000686,ke12bMvzgugR2kCU,,
user.000687,nW99bbVMG7lqMZkd,,
user.000688,r5L8EFYkgTXrW1th,,
user.000689,ZdH5Ifty97dzP8vu,,
user.000690,KVGgRz2ieKHUuXBg,,
user.000691,wNUe396SiR2DVD5D,,
user.000692,fatEQwxK4a27JcOI,,
user.000693,IFes6QDsmlW8KnOe,,
user.000694,evm8rbx5Ogm1oOJz,,
user.000695,f5SHcf3R9Ww1kbL4,,
user.000696,W4J36tSDWUeJAyfu,,
user.000697,EwfBevKmwvW7MOtK,,
user.000698,vgF9USbSEnLkPKJh,,
user.000699,HbLpnfPwG2K8F1YR,,
user.000700,JVtz1uabXdIyuiBk,,
user.000701,CGKSaKv3Nvp69NOl,,
user.000702,GU2YDy96ZXfFhRU4,,
user.000703,5OD3tCIlr1cu6j5i,,
user.000704,nYzjnUv4hFIz7Lvt,,
user.000705,2FY0blw5YWVgdvxx,,
user.000706,BTPReLsLZLTj6rbq,,
user.000707,VisDNDq0weGSLFS0,,
user.000708,YmwWFCFLMgMwbYJ9,,
user.000709,fSqwkfLk5yy5mnqU,,
user.000710,Ednmmv5gqJEDOpZe,,
user.000711,msY2ExQmn0f3NClR,,
user.000712,GdCresmb8Yl7fEms,,
user.000713,ykIrmCWABwEELXKh,,
user.000714,txWxgEFYZ6bv615e,,
user.000715,KnDLcrBKSJWiKqNq,,
user.000716,imwqEvXz427g8MAx,,
user.000717,RpVhN9bDS7XgHagZ,,
user.000718,gUAfGphKTF6GfRM2,,
user.000719,1OW0UTympoo5lMue,,
user.000720,3nxEe4CnsXJrjKZT,,
user.000721,OYs9lxHhJYLn0Y7Y,,
user.000722,aR4Cjvn4dJgJfHjN,,
user.000723,x6spYBpE23FuamI4,,
user.000724,sjWHAa10ZeQsNrsM,,
user.000725,Cf7UFVefWlU1OxDa,,
user.000726,AzK1ZsQJmZxG6Lkm,,
user.000727,kotTZt4ivRVavvS4,,
user.000728,lLGWwspMDhCiLkAe,,
user.000729,NX2yWw2kRjuJkiAT,,
user.000730,3LHePRtQf2GhIF5g,,
user.000731,DxVsNkRHCUTTCzZa,,
user.000732,YThGHZLMN6wbmTxw,,
user.000733,cyfbJD1B3r6zenqm,,
user.000734,EEi8bF6CvTxGE6JP,,
user.000735,vOVrNkq2vnQDPmZd,,
user.000736,aKvUBNPa8r86aMws,,
user.000737,gX5rbiU1tbWLcGZN,,
user.000738,CNhh99VkmDDwpisk,,
user.000739,qbwxAjT26OAXIROC,,
user.000740,3yb7Dk4Jy4qIpTuY,,
user.000741,wUFAKbOQkgI4H6CN,,
user.000742,TeYzctcXwonnkheM,,
user.000743,r0djNQSJ9UNORqK7,,
user.000744,XP86w2sujkRM2KiJ,,
user.000745,B76s7Kwb7XFLQtv7,,
user.000746,OQ3549EUhrKeXeFV,,
user.000747,iZMOGTCIN8yqiQkm,,
user.000748,wftVwGcBDfO0hzmi,,
user.000749,Pih7GKZefmH4Ydbf,,
user.000750,BuZnkbK9dmWNoOWY,,
user.000751,EixdCL3pAKJDQnUW,,
user.000752,mUZNCKKGRFusQfJc,,
user.000753,9UWm5Ma2vWB4Ffh2,,
user.000754,DGtPQKtpFANYllD1,,
user.000755,2izc8cLgRYCrG9SS,,
user.000756,nXda2FOMiufjtDYP,,
user.000757,rEvRNu1sVjKCgLXE,,
user.000758,Z3lAjaIgNQPvZwVL,,
user.000759,FYv4s7MDj0y94oti,,
user.000760,0sWwjHtoFYXUF7s6,,
user.000761,QopiajjSyYHU7xvO,,
user.000762,B40apGBSs50XL2Y5,,
user.000763,Jc6VHaFbHkPefDe0,,
user.000764,k9cgugEcBzy1CLP6,,
user.000765,Q2lF7guJSp7uINFT,,
user.000766,dxBRXjgVZPtXjx8E,,
user.000767,rl4THLx3FTiOPukA,,
user.000768,mktu8R7vbdcMpdHr,,
user.000769,fSXV2jTSZHNP9hjr,,
user.000770,QwvlR943CiK1rq3i,,
user.000771,WlLlUoo68uleSfu3,,
user.000772,mttuZvPCzwhSquJf,,
user.000773,gZgoFlR4O2TqNJT9,,
user.000774,Cg1Q6Ozec3HkMpzp,,
user.000775,t6qY8UeOESifzGD7,,
user.000776,42bQGOGT9AjgqKRH,,
user.000777,fsJoXYLuaOWIuv4l,,
user.000778,NC8TpZTWzib5Ie4A,,
user.000779,Uxq8bcE81iB6qBux,,
user.000780,HU0nSC0PaIW1eQNq,,
user.000781,Y9BXIiLIDT7Bbxk6,,
user.000782,wRIf9NiGEe7e38ht,,
user.000783,sI5OF5s5B6jYiWT0,,
user.000784,Lw0LSkUEoRFZoyos,,
user.000785,rGsl8BFSUbtWZaAS,,
user.000786,KUqryoTprPqpcmrv,,
user.000787,yxdUveJBchhhCIVI,,
user.000788,uxZ5SGDNYtQLJF6j,,
user.000789,3sQKfrnvhrRMf3bL,,
user.000790,VHbDZQ4iY1UiUifv,,
user.000791,FEH2kGdQEq8SreUE,,
user.000792,Q1D0uaHeGDevogfV,,
user.000793,lS7RDpYuz3yQP68Q,,
user.000794,HCGKr2Zslg0YBs9B,,
user.000795,6ChC1UquVIXgrFJv,,
user.000796,ZaGjK2PEKiU6LIVP,,
user.000797,CxKgCuXdORmwGulb,,
user.000798,bHVRRPVpxwqqMVr5,,
user.000799,NUSX5hEBGqCOUPCR,,
user.000800,fTpJQQZ2VtU7VpWi,,
user.000801,z7zvaEnjpvgCxw4O,,
user.000802,7jygcFtqChf28zIF,,
user.000803,VPTFsGruNISfjTQN,,
user.000804,rbIOrhsevmpW8Jrz,,
user.000805,3ATHIo1epmyuFm8c,,
user.000806,9qpXWBKJw0gQl22O,,
user.000807,2Upak9IuYpIEyy2t,,
user.000808,wIkeiQthQORHUrvI,,
user.000809,Sd8PMMGKsnlc8rms,,
user.000810,xHuCNK8qJXG9swIi,,
user.000811,OsKUlWjGJF3lHdh9,,
user.000812,3bHedGnypTE5MY51,,
user.000813,QQ9H1Zx3TBYIRqOU,,
user.000814,UD9y1F90zKdhSe2P,,
user.000815,cVN5XOu3fP6RZDlk,,
user.000816,eAATDqKFr5k1tLd2,,
user.000817,ykAgLRWCqifYD2iy,,
user.000818,BzOHb2QuEgKPLT9D,,
user.000819,fIM72oXOMy3lxMAk,,
user.000820,1foN8sK1G6wpwqI2,,
user.000821,X8BOYjEpBuSG8U13,,
user.000822,k6ldl43qY5ymPpiY,,
user.000823,KwpPHajPbspKaCaG,,
user.000824,JtwRLvvWPrvgFfzA,,
user.000825,JNBNae91lpynYXwD,,
user.000826,qjbVnZHUw5yZTyxn,,
user.000827,OOKJJMxI4VDdg0oz,,
user.000828,wde80hjD9RyKCa2S,,
user.000829,1gg0RuoE7lZyedeK,,
user.000830,mbeAiFeza5Xpj0YB,,
user.000831,oGqb6mMvVlyrZGcN,,
user.000832,Ni0wzmyePI0KXdi7,,
user.000833,e1gCq58mwrYGiV0u,,
user.000834,x3t6boRPqGmjBxxv,,
user.000835,mBHWWdmylm0WJVPu,,
user.000836,lAEIIzbHQJmnEipH,,
user.000837,S3Qp3SlzynPqgK1v,,
user.000838,LO61wR9HxuHx5IB6,,
user.000839,2ahmPQW22GHTNibd,,
user.000840,1TNf0jbus8Z90whl,,
user.000841,vltTwtuL42BFpJyy,,
user.000842,8OvAgrjEaMz5U5kD,,
user.000843,BkviIM1FIHMVdO7Y,,
user.000844,mvUEoYH56vwnZDLB,,
user.000845,tI6ggsvXlZEC0I6n,,
user.000846,PBAGRVZ7WWwsYVEW,,
user.000847,PLR9fePGrcf9DGlm,,
user.000848,3eJRsYaelV19zdtn,,
user.000849,K8FJfdqMUG7NKsO7,,
user.000850,uqhA3o1lXjECnczz,,
user.000851,hu0Hg1N3p0xhvuml,,
user.000852,z8AvqMpwgm91452y,,
user.000853,DQyigivUnsYpefbV,,
user.000854,qO9mMIfLRqkiREhg,,
user.000855,wqKW76idv28cvS3q,,
user.000856,UKfxKjudpiDieo6H,,
user.000857,YB9IxEppPQc10npn,,
user.000858,D5icpi6UiIXoTOLX,,
user.000859,KORbUJ0ean9be5fY,,
user.000860,1PUkP3ppB4DK5SFZ,,
user.000861,W8fmcPIVDkIKBmfX,,
user.000862,73QUWSkTAmSJiHji,,
user.000863,5F64fWk0DphudXTT,,
user.000864,lWnQDufkuewqeYDD,,
user.000865,NAn19mZSaPJIygl1,,
user.000866,XQA4pgFzvM3soD0P,,
user.000867,jxzm3pyQNJG9fDtO,,
user.000868,NrvqxkOfa3jz3gld,,
user.000869,llnCwe4IbKbEJ4Q1,,
user.000870,cCNZG9JE9apiZHei,,
user.000871,XOOmpTcpDjdEyZ6V,,
user.000872,1od6efifK7LSv32I,,
user.000873,kqSW3NVZkjF28wUv,,
user.000874,c19grwCuMnFN2aw0,,
user.000875,C2B4rbVjzo3Th5pi,,
user.000876,mELDx4ruGWo7E343,,
user.000877,J6Rn5gyReUa6i5RE,,
user.000878,QfnKnJZKEox1MfgV,,
user.000879,OFu6GYkrxB9wiOtE,,
user.000880,OVitaabOvlvMpClL,,
user.000881,lOiUU0E5NJq3tdHM,,
user.000882,r8mFNRJe4vS4ienY,,
user.000883,W10CXlKBZLcJTxfB,,
user.000884,MM0EPdX5t9inp5gZ,,
user.000885,qR2snaFTOP1Mcc6W,,
user.000886,skFSmu7ckVqhvZzy,,
user.000887,WtjhDBgYz2AU7iUb,,
user.000888,PVLZQ26hYLMmWRrr,,
user.000889,P2GWHkbJXpfL5XqF,,
user.000890,zPeAZITuqloqGuQF,,
user.000891,ans7HizSYYxXkZeh,,
user.000892,YhMuGuh40DR7OTjB,,
user.000893,1oTHLLtCsOZsXb1z,,
user.000894,DiW6WpaiiNyheBKc,,
user.000895,GA1rmPcAYbkIz23Z,,
user.000896,OoXREBJFI5rdkCCl,,
user.000897,TSItmulX5dDZu3TP,,
user.000898,tbq4eQSyB5A65fCA,,
user.000899,UZzhDPlfKSY1aX7l,,
user.000900,IG2ubaZR8XeAGXVO,,
user.000901,3cF11PB5k1tYWyTa,,
user.000902,qCeUsXHEr2v1qImF,,
user.000903,53EEK5BuCng3lCNs,,
user.000904,fuAzp5To4XO8tGI2,,
user.000905,VgTUMSq3an3jFnOw,,
user.000906,54Om6Q1gWK4hRLDY,,
user.000907,YeAPLBM5KHEjCDxc,,
user.000908,XdAFBdvVFLeSgIZv,,
user.000909,1DxoM0MPezSzxxi7,,
user.000910,yG29GvEgbyzB0Hln,,
user.000911,Qz1gXqRjrA6G0mo8,,
user.000912,x7rIQq0ibglPN04K,,
user.000913,icwtw1MPd0IVfz83,,
user.000914,ca3RSnLMAEoyLTnU,,
user.000915,FqJWGx1m3X9LIPUl,,
user.000916,BY0t6BN6MvPvX6cW,,
user.000917,FIXrQP0Tqgz5I55U,,
user.000918,XsCkyhkZM4N28SuF,,
user.000919,G0OrcmIFFRovZtIH,,
user.000920,OxsNMuMw9WQw0Fas,,
user.000921,LmqS2Qn6TH6oAuLA,,
user.000922,7kkg1oH8o3H83ISE,,
user.000923,nMw7IMA1sM1UXlTY,,
user.000924,YVU0n8AdeWyRSGFL,,
user.000925,VcNma8To2CuSDpGW,,
user.000926,ABAkQ9cD0pWSZwvu,,
user.000927,nkeP7Fd3vh3nBH3Q,,
user.000928,9ZNV3o5jphdpSmIa,,
user.000929,n5pvMzKyBuHHLjVm,,
user.000930,ZDWP61Nuj8mbYKBb,,
user.000931,G7kOelrueaB9Z1tp,,
user.000932,00OlplVPj9tEVkxy,,
user.000933,ETHO6Blfn8lIsipa,,
user.000934,QK84456MoVDcAKHl,,
user.000935,u7sWfk4WbK6RT4as,,
user.000936,ogRsjIemm2O8wZaz,,
user.000937,zlO7jFOdzt0Sln5y,,
user.000938,FJwLiZyJyISdKZDc,,
user.000939,2VyI3S6XuivOIhPr,,
user.000940,Q7LrbAjwqhR3TlHE,,
user.000941,RxhK9F3xtRfgBOrr,,
user.000942,6JG1zjnODttxDCBG,,
user.000943,og1PC9nQWumcMn7h,,
user.000944,U9sWWTQFI2Grd8fj,,
user.000945,280pONiNV9yQbBjt,,
user.000946,xAwViQyYhWwmixfH,,
user.000947,ACckQpOKjWCdSbjF,,
user.000948,0C8vrLoOm31uTw4f,,
user.000949,j75b0logGocJNrGy,,
user.000950,2GUOoxFFb7E5Pvpr,,
user.000951,SdHvcYYVs3FWJMCm,,
user.000952,IdixrHAzlr3kmJ8o,,
user.000953,ftWOov2CF3FAbzBR,,
user.000954,FpUqSJ4UwUxhdgMd,,
user.000955,hFx67rosoJN19oxM,,
user.000956,FzY1bsCnS8ckmBpw,,
user.000957,VUcT02FA4SMNwnm8,,
user.000958,I8kjrr4UIHKrm9BS,,
user.000959,WiD92dy2w6G4CMJ6,,
user.000960,dzrtQMdhEB7TwbhG,,
user.000961,8nonI5tCHrvJTptn,,
user.000962,8pSwE27kl0ZCsp3p,,
user.000963,ik7oCqAKkXoUPA4c,,
user.000964,jvHEDXAxW9HktpcU,,
user.000965,4L5Fj4Su14Y6HarE,,
user.000966,aIEPfOxnTeWnbFkM,,
user.000967,E3Hy12fcJoaiNTlm,,
user.000968,I5Fl2WD2eYEQnMwn,,
user.000969,HptU6Hl63Mxoowgk,,
user.000970,93n53WS1oYP1N4TB,,
user.000971,NA9V9Wa4mWRprtoe,,
user.000972,ZMQVQURF2Ub7upOt,,
user.000973,zqmWfKXXI1IgW5Pg,,
user.000974,u7GjBXudbeQMPcse,,
user.000975,d11I04UhVDI9LxMf,,
user.000976,nxaYwUkVMOuUPEyJ,,
user.000977,wXW55IcDtnYEkLOy,,
user.000978,hDGib8XEajPfA9iF,,
user.000979,fqHCC3b3rmKAbkPl,,
user.000980,mKZXN3Lpdi4qxk2L,,
user.000981,kVZWhr0cx7HYoBVU,,
user.000982,WMD3zYn7XoZSvqj1,,
user.000983,8npTlS1ggSjMFcLW,,
user.000984,uV2KzFMNfg2Hb6GX,,
user.000985,hfrhLK2Fuo99tyFD,,
user.000986,Rcg0NQAcccHEyYu5,,
user.000987,u4MyjiDzDBllNpeL,,
user.000988,cxT4TZyEegWvnr0H,,
user.000989,5Fnjs6TmaX3KSK2E,,
user.000990,VELFKaTcPI9KZ0Db,,
user.000991,kAuWNaUUCtMOpY8F,,
user.000992,gxMEaD6v824gP9CL,,
user.000993,3RXt2FD2VNB7YTRw,,
user.000994,RX22bYOeJ4zV0NZv,,
user.000995,A9IXnTAK36l2vsOi,,
user.000996,P4idpoxl0DqwYvli,,
user.000997,6Cz5PC2IV85F6jHy,,
user.000998,75KtioJ64nS5oR6Q,,
user.000999,xe3yL7dnIx7US80b,,
