username,user_id,access_token,sync_token
user.000000,@user.000000:dv.techsmart.space,syt_dXNlci4wMDAwMDA_ckhsYoIfIIHEeBQXptMT_2CJDyl,
user.000001,@user.000001:dv.techsmart.space,syt_dXNlci4wMDAwMDE_PzuZfydVfLgCcYcqnbDL_3z7wUG,
user.000002,@user.000002:dv.techsmart.space,syt_dXNlci4wMDAwMDI_AmZbtAlUzhvPvPAVLYFv_1XtuPf,
user.000003,@user.000003:dv.techsmart.space,syt_dXNlci4wMDAwMDM_jZXeVmKdVfIGLVcJDarJ_350afL,
user.000004,@user.000004:dv.techsmart.space,syt_dXNlci4wMDAwMDQ_TOHpFDxsYrYrjOhRrHlz_0lV1LU,
user.000005,@user.000005:dv.techsmart.space,syt_dXNlci4wMDAwMDU_LMsHuqrVefHYtawWZGZV_35Ooml,
user.000006,@user.000006:dv.techsmart.space,syt_dXNlci4wMDAwMDY_AHjwIoSqHXCmfCznMcWP_0daPDE,
user.000007,@user.000007:dv.techsmart.space,syt_dXNlci4wMDAwMDc_ifFhqZmJHxeyxtlFtDkO_2lakB0,
user.000008,@user.000008:dv.techsmart.space,syt_dXNlci4wMDAwMDg_kgfswKyAScqDmomzRtOi_1ndDfY,
user.000009,@user.000009:dv.techsmart.space,syt_dXNlci4wMDAwMDk_dPENdfaifJoOTmqXNGmY_371qos,
user.000010,@user.000010:dv.techsmart.space,syt_dXNlci4wMDAwMTA_vAMTranmEzhSjDNmWjtV_2L1ohb,
user.000011,@user.000011:dv.techsmart.space,syt_dXNlci4wMDAwMTE_wAdQLmQZVlRcTIWWNTLi_4TOmYu,
user.000012,@user.000012:dv.techsmart.space,syt_dXNlci4wMDAwMTI_vbsSVRbrzJmzUkwVXKMN_3acWso,
user.000013,@user.000013:dv.techsmart.space,syt_dXNlci4wMDAwMTM_iQoGRPqwQmHfMmdFVxTu_1kIvTt,
user.000014,@user.000014:dv.techsmart.space,syt_dXNlci4wMDAwMTQ_xOvhcSrYUficEYFETnqa_1ggnGS,
user.000015,@user.000015:dv.techsmart.space,syt_dXNlci4wMDAwMTU_xhjkIELIOIVMWNjaWMnc_3CmWev,
user.000016,@user.000016:dv.techsmart.space,syt_dXNlci4wMDAwMTY_NzyEKNQczPacGrlnAOiq_4M1z2d,
user.000017,@user.000017:dv.techsmart.space,syt_dXNlci4wMDAwMTc_IynSsgfjvCXSVHQqfIja_0upR6d,
user.000018,@user.000018:dv.techsmart.space,syt_dXNlci4wMDAwMTg_MLHYQOZJDTaGtJWqoGwk_0iXZ4O,
user.000019,@user.000019:dv.techsmart.space,syt_dXNlci4wMDAwMTk_LMjApvCJRLRqqXKnBfez_1zCK4O,
user.000020,@user.000020:dv.techsmart.space,syt_dXNlci4wMDAwMjA_iIdtuynhaeiHqEiuCPse_3flsbM,
user.000021,@user.000021:dv.techsmart.space,syt_dXNlci4wMDAwMjE_zvohBmSqHXeSXglOuxbo_11uOrx,
user.000022,@user.000022:dv.techsmart.space,syt_dXNlci4wMDAwMjI_UdgNPbPPnjJzWyddUukh_0cJnQD,
user.000023,@user.000023:dv.techsmart.space,syt_dXNlci4wMDAwMjM_PBKpCBTupjqAcCDObqGU_1MlpRQ,
user.000024,@user.000024:dv.techsmart.space,syt_dXNlci4wMDAwMjQ_afXyzVaGHSnCrXxxfjvm_0fr3cV,
user.000025,@user.000025:dv.techsmart.space,syt_dXNlci4wMDAwMjU_hpxkuQAPdtYAUlNJFMZz_0PHRUY,
user.000026,@user.000026:dv.techsmart.space,syt_dXNlci4wMDAwMjY_baaNNcWPttChymYNhQej_42ZHT9,
user.000027,@user.000027:dv.techsmart.space,syt_dXNlci4wMDAwMjc_ISwnEoKVCbmWtqKyFlHe_3YwrAf,
user.000028,@user.000028:dv.techsmart.space,syt_dXNlci4wMDAwMjg_BYFUeqTbYpJxdLEKaGwA_1UxnBN,
user.000029,@user.000029:dv.techsmart.space,syt_dXNlci4wMDAwMjk_eubLsCwCYnQdPTxIJVrg_2rhDwR,
user.000030,@user.000030:dv.techsmart.space,syt_dXNlci4wMDAwMzA_sIrTusYBZntVfAWGplMn_454TEq,
user.000031,@user.000031:dv.techsmart.space,syt_dXNlci4wMDAwMzE_ZELHarYtyFhteMTlwGJK_1Vf8Rr,
user.000032,@user.000032:dv.techsmart.space,syt_dXNlci4wMDAwMzI_ukoUVtYHHTTDEuTvJtXE_3J1eGU,
user.000033,@user.000033:dv.techsmart.space,syt_dXNlci4wMDAwMzM_WglDSUFtzgKSEAaeiGMX_4cZtv4,
user.000034,@user.000034:dv.techsmart.space,syt_dXNlci4wMDAwMzQ_zzqaRcrtgHoRdmqWaURu_39suTh,
user.000035,@user.000035:dv.techsmart.space,syt_dXNlci4wMDAwMzU_zbpPJZJXOqzPPjRmNVZn_2emc2w,
user.000036,@user.000036:dv.techsmart.space,syt_dXNlci4wMDAwMzY_MDhsgZvfbfAISWdMtqJL_0BXobn,
user.000037,@user.000037:dv.techsmart.space,syt_dXNlci4wMDAwMzc_LLSMUXUTfRoQSRMEtGnh_1hFhy5,
user.000038,@user.000038:dv.techsmart.space,syt_dXNlci4wMDAwMzg_yPkGiUkNyDDPYrWieeRd_4ZVKnC,
user.000039,@user.000039:dv.techsmart.space,syt_dXNlci4wMDAwMzk_smKyLhOYAYfEqMbCRuKA_4cTpog,
user.000040,@user.000040:dv.techsmart.space,syt_dXNlci4wMDAwNDA_dRqBpEvUfJjbppTipjdf_0dtybV,
user.000041,@user.000041:dv.techsmart.space,syt_dXNlci4wMDAwNDE_gKBQIzXaniRJkDAZVkVp_3RFSfr,
user.000042,@user.000042:dv.techsmart.space,syt_dXNlci4wMDAwNDI_bisexSQVHhWAyDtdQKFo_3WtG2J,
user.000043,@user.000043:dv.techsmart.space,syt_dXNlci4wMDAwNDM_qdaaACypSZJSWmygTfcc_3o823j,
user.000044,@user.000044:dv.techsmart.space,syt_dXNlci4wMDAwNDQ_ZYcghCILphgTOuxuilIF_11WI3B,
user.000045,@user.000045:dv.techsmart.space,syt_dXNlci4wMDAwNDU_fVUhWjkomBlPbfidGjnx_3IWCOx,
user.000046,@user.000046:dv.techsmart.space,syt_dXNlci4wMDAwNDY_BBgYKjGhUFPxQPEMafrz_4dLrIX,
user.000047,@user.000047:dv.techsmart.space,syt_dXNlci4wMDAwNDc_sostQNNMYkRhTQjTDXgd_0pqVSd,
user.000048,@user.000048:dv.techsmart.space,syt_dXNlci4wMDAwNDg_XrrguRClqyUMdmyklfOt_1K3JqE,
user.000049,@user.000049:dv.techsmart.space,syt_dXNlci4wMDAwNDk_yHwuSCLCvSMBmuAtPZWO_3y7P6O,
user.000050,@user.000050:dv.techsmart.space,syt_dXNlci4wMDAwNTA_cBBmLYKjSIJoPnNgMtIT_1QcjzG,
user.000051,@user.000051:dv.techsmart.space,syt_dXNlci4wMDAwNTE_hgHyuJJSlIzwqxLEHMWE_1Zy4a4,
user.000052,@user.000052:dv.techsmart.space,syt_dXNlci4wMDAwNTI_kIGpcQiBdSsvZZzHwJWu_0vpc0q,
user.000053,@user.000053:dv.techsmart.space,syt_dXNlci4wMDAwNTM_amfgPZdkduzGFMdxkcjq_0E4bv9,
user.000054,@user.000054:dv.techsmart.space,syt_dXNlci4wMDAwNTQ_otqmnTYpOhyyNjqWtEqT_05VsbB,
user.000055,@user.000055:dv.techsmart.space,syt_dXNlci4wMDAwNTU_rSSESKbETXGoDlDktdGa_16GbWq,
user.000056,@user.000056:dv.techsmart.space,syt_dXNlci4wMDAwNTY_DfiXMmnkEDUKibZaFkmd_08gxCd,
user.000057,@user.000057:dv.techsmart.space,syt_dXNlci4wMDAwNTc_UDTNZjJHHYjubfYbTohS_3y6X3G,
user.000058,@user.000058:dv.techsmart.space,syt_dXNlci4wMDAwNTg_avreeijDykHxWiwUxMhH_2YFXCa,
user.000059,@user.000059:dv.techsmart.space,syt_dXNlci4wMDAwNTk_cBeYhbNPnGENrpZHsEBH_4DfI2O,
user.000060,@user.000060:dv.techsmart.space,syt_dXNlci4wMDAwNjA_MmflmHruZBQPHMMSiwaZ_1BpdLu,
user.000061,@user.000061:dv.techsmart.space,syt_dXNlci4wMDAwNjE_GZIjFGniSyHoibxfhpmh_0Ptq6P,
user.000062,@user.000062:dv.techsmart.space,syt_dXNlci4wMDAwNjI_qEVzcyOCtuUwZAkwhzjz_3NtnSH,
user.000063,@user.000063:dv.techsmart.space,syt_dXNlci4wMDAwNjM_cStVLjowrtYemLysyQcT_1btxTp,
user.000064,@user.000064:dv.techsmart.space,syt_dXNlci4wMDAwNjQ_IXiCNJvdXGJUFkeJLDCz_1Ri9Il,
user.000065,@user.000065:dv.techsmart.space,syt_dXNlci4wMDAwNjU_qNjRHzNembyiZazqxaZD_40KwD7,
user.000066,@user.000066:dv.techsmart.space,syt_dXNlci4wMDAwNjY_zicqBTRnBgtxsDoXgzsj_4NuPyk,
user.000067,@user.000067:dv.techsmart.space,syt_dXNlci4wMDAwNjc_ZXQwaffUaPwKHfEQeXuz_0UuzEP,
user.000068,@user.000068:dv.techsmart.space,syt_dXNlci4wMDAwNjg_BaFynMfVHYKRNbeZuVBk_1Y9aah,
user.000069,@user.000069:dv.techsmart.space,syt_dXNlci4wMDAwNjk_fbptZAPVSrdCTABEsmyi_4Su8Np,
user.000070,@user.000070:dv.techsmart.space,syt_dXNlci4wMDAwNzA_XrIMYGSXVLvgiFyYOetZ_4S3ke8,
user.000071,@user.000071:dv.techsmart.space,syt_dXNlci4wMDAwNzE_XerhTFhukBFalEEhWZdx_25Ywyr,
user.000072,@user.000072:dv.techsmart.space,syt_dXNlci4wMDAwNzI_rNpTjYZdKjEOxaysmAJC_0BP1YM,
user.000073,@user.000073:dv.techsmart.space,syt_dXNlci4wMDAwNzM_ispOESsiEZnEBXhZjHdl_02fSBZ,
user.000074,@user.000074:dv.techsmart.space,syt_dXNlci4wMDAwNzQ_jXDTabvPNsjdGOKlSNdX_4Yb5IE,
user.000075,@user.000075:dv.techsmart.space,syt_dXNlci4wMDAwNzU_EWAImarkSmWHPPiAZvZa_1rEBwU,
user.000076,@user.000076:dv.techsmart.space,syt_dXNlci4wMDAwNzY_SzLyaNaREXhzXUDnEltp_4dDsNr,
user.000077,@user.000077:dv.techsmart.space,syt_dXNlci4wMDAwNzc_hcDVUcwaOgmIYjWxpKAk_1SAfsq,
user.000078,@user.000078:dv.techsmart.space,syt_dXNlci4wMDAwNzg_hdkRBdXHFlYlweLbuAWg_3nTqsB,
user.000079,@user.000079:dv.techsmart.space,syt_dXNlci4wMDAwNzk_YkCxPPRsTdHXRCKNugjA_3tXovY,
user.000080,@user.000080:dv.techsmart.space,syt_dXNlci4wMDAwODA_ZVfzVOzhqsgWipCuFoHm_4MfuKW,
user.000081,@user.000081:dv.techsmart.space,syt_dXNlci4wMDAwODE_UIhQKfiSeLEZXtGuxmts_1Gn5fw,
user.000082,@user.000082:dv.techsmart.space,syt_dXNlci4wMDAwODI_chDejaAlvHVTqkbARSDf_0ssPJt,
user.000083,@user.000083:dv.techsmart.space,syt_dXNlci4wMDAwODM_XWNhPQPCKgoJuLfrndbX_24ajtL,
user.000084,@user.000084:dv.techsmart.space,syt_dXNlci4wMDAwODQ_nWkUwADSUjiisREtXwno_0Dd7uI,
user.000085,@user.000085:dv.techsmart.space,syt_dXNlci4wMDAwODU_BIzJMidEpTsZqCAnMAsx_1CLcgK,
user.000086,@user.000086:dv.techsmart.space,syt_dXNlci4wMDAwODY_exEGqPqKluYLuRmaoKfW_15bGIU,
user.000087,@user.000087:dv.techsmart.space,syt_dXNlci4wMDAwODc_vohyhaSahEdloWrEWQuw_2jVrrD,
user.000088,@user.000088:dv.techsmart.space,syt_dXNlci4wMDAwODg_DkClRZcONLAZcyOBoIFf_31YNQ1,
user.000089,@user.000089:dv.techsmart.space,syt_dXNlci4wMDAwODk_tKFNOgabafNbJyEOsLEO_4Fe0VF,
user.000090,@user.000090:dv.techsmart.space,syt_dXNlci4wMDAwOTA_qfLzzTUErhedvYJfMClo_0RCRAV,
user.000091,@user.000091:dv.techsmart.space,syt_dXNlci4wMDAwOTE_FVosLzRPAfuDlvrkwSBW_1KAGz1,
user.000092,@user.000092:dv.techsmart.space,syt_dXNlci4wMDAwOTI_zBDVjfCxyMPZVquhixiN_0xzzcx,
user.000093,@user.000093:dv.techsmart.space,syt_dXNlci4wMDAwOTM_jtASTdDxGXOEEbnlGVzV_2hNZqh,
user.000094,@user.000094:dv.techsmart.space,syt_dXNlci4wMDAwOTQ_ZTzxaLjExuOHZLuXQULA_174E3R,
user.000095,@user.000095:dv.techsmart.space,syt_dXNlci4wMDAwOTU_CtGkajhoQWvtZLNvGwYm_052JwI,
user.000096,@user.000096:dv.techsmart.space,syt_dXNlci4wMDAwOTY_NnkTzduqjQsUfOoigMIE_2Zn5Fj,
user.000097,@user.000097:dv.techsmart.space,syt_dXNlci4wMDAwOTc_HlcLvmZXhKmVjUkBOWac_3EHNYa,
user.000098,@user.000098:dv.techsmart.space,syt_dXNlci4wMDAwOTg_hThxBxXKYpeYdLbQctDv_18M0Bn,
user.000099,@user.000099:dv.techsmart.space,syt_dXNlci4wMDAwOTk_rafjScbXzxfhELcEvTdi_11LDC4,
user.000100,@user.000100:dv.techsmart.space,syt_dXNlci4wMDAxMDA_GTPQqHPNAyFrwqRqZHaJ_3d0LSI,
user.000101,@user.000101:dv.techsmart.space,syt_dXNlci4wMDAxMDE_APDLJBdyDulKycRUdUuY_4BHs4C,
user.000102,@user.000102:dv.techsmart.space,syt_dXNlci4wMDAxMDI_lbxScsdAHzOsXkeAOGko_4NKyju,
user.000103,@user.000103:dv.techsmart.space,syt_dXNlci4wMDAxMDM_lnvRWwpBhMVPakrDOGTk_3il45W,
user.000104,@user.000104:dv.techsmart.space,syt_dXNlci4wMDAxMDQ_jAeKnGAelSKlbZAQLoSM_14iiuD,
user.000105,@user.000105:dv.techsmart.space,syt_dXNlci4wMDAxMDU_gxvzriiswMsLHYhcGvuc_2btTrr,
user.000106,@user.000106:dv.techsmart.space,syt_dXNlci4wMDAxMDY_UVmuBEekuuWLScyszfrW_3gXVzU,
user.000107,@user.000107:dv.techsmart.space,syt_dXNlci4wMDAxMDc_SkNDBqaFroefpdmwyskv_0SMpR1,
user.000108,@user.000108:dv.techsmart.space,syt_dXNlci4wMDAxMDg_SlJAwjSEDfhtFhPmvXmZ_4eWwL1,
user.000109,@user.000109:dv.techsmart.space,syt_dXNlci4wMDAxMDk_oZGoeLHJenORvIrqKVLe_2mUpzY,
user.000110,@user.000110:dv.techsmart.space,syt_dXNlci4wMDAxMTA_wVHGUMlekcLtxhiOesVu_3ZITNA,
user.000111,@user.000111:dv.techsmart.space,syt_dXNlci4wMDAxMTE_BCHnmksLBXvwsNfJfojy_2GvyKF,
user.000112,@user.000112:dv.techsmart.space,syt_dXNlci4wMDAxMTI_dGjlwZSZJTKDXVrGZjkl_02WQPY,
user.000113,@user.000113:dv.techsmart.space,syt_dXNlci4wMDAxMTM_cgSTcgIqxayLjXEjPtRq_4aHFl8,
user.000114,@user.000114:dv.techsmart.space,syt_dXNlci4wMDAxMTQ_ZWuEroUstvrvHzDPetbN_1Gg2eP,
user.000115,@user.000115:dv.techsmart.space,syt_dXNlci4wMDAxMTU_qKNmJMPdZQMeJumphSmA_3J6E9a,
user.000116,@user.000116:dv.techsmart.space,syt_dXNlci4wMDAxMTY_TGwcXfMtsZxNAoGzcjkk_0w1hfA,
user.000117,@user.000117:dv.techsmart.space,syt_dXNlci4wMDAxMTc_mVWwQEMosfHUSmMMNFHX_23wYOi,
user.000118,@user.000118:dv.techsmart.space,syt_dXNlci4wMDAxMTg_SWvemzNCVzFvJTyOrecs_2fzVmA,
user.000119,@user.000119:dv.techsmart.space,syt_dXNlci4wMDAxMTk_ubQjSSuSsmVqpFrAaxKG_3O2a7X,
user.000120,@user.000120:dv.techsmart.space,syt_dXNlci4wMDAxMjA_hSrXOhqSADFThGhhWIDH_2U00x3,
user.000121,@user.000121:dv.techsmart.space,syt_dXNlci4wMDAxMjE_VCIYzQxdDoBebvxInKnc_4F4nxr,
user.000122,@user.000122:dv.techsmart.space,syt_dXNlci4wMDAxMjI_SwxeMgIAJgRlsBnRwkir_2EICSl,
user.000123,@user.000123:dv.techsmart.space,syt_dXNlci4wMDAxMjM_HzEpCyTOTAqaTZcfNRlb_1aUiKm,
user.000124,@user.000124:dv.techsmart.space,syt_dXNlci4wMDAxMjQ_zJDJjXqJFpgfaQlcKmEq_17OH2S,
user.000125,@user.000125:dv.techsmart.space,syt_dXNlci4wMDAxMjU_XovfXyPAnRbsVDofCAgd_2u0xpX,
user.000126,@user.000126:dv.techsmart.space,syt_dXNlci4wMDAxMjY_HJGeozOXPZBFhlNirRbw_3HIy6m,
user.000127,@user.000127:dv.techsmart.space,syt_dXNlci4wMDAxMjc_lhwkRCmwKEoAUnpjnnrE_0Iijp4,
user.000128,@user.000128:dv.techsmart.space,syt_dXNlci4wMDAxMjg_IRuHZNtIGuhbFzdFbevz_4I9LPa,
user.000129,@user.000129:dv.techsmart.space,syt_dXNlci4wMDAxMjk_PPyWpbLdUVPhnlkKVhxT_4OFGU2,
user.000130,@user.000130:dv.techsmart.space,syt_dXNlci4wMDAxMzA_PQGBnKKMvUQTCYkKlEPo_3jpmaR,
user.000131,@user.000131:dv.techsmart.space,syt_dXNlci4wMDAxMzE_HOwctcTtnaXROoMyoXlm_1GfFxH,
user.000132,@user.000132:dv.techsmart.space,syt_dXNlci4wMDAxMzI_wSsriPCIIxcCRZYLBRMv_0S0QgP,
user.000133,@user.000133:dv.techsmart.space,syt_dXNlci4wMDAxMzM_NlnVcnrjnTxBNXiDpvzf_0O3htc,
user.000134,@user.000134:dv.techsmart.space,syt_dXNlci4wMDAxMzQ_rdqnknJXdLfeaZEpbaqV_1sYnSH,
user.000135,@user.000135:dv.techsmart.space,syt_dXNlci4wMDAxMzU_ZAnOWGrSrleJjsFUYBxx_1K0xfK,
user.000136,@user.000136:dv.techsmart.space,syt_dXNlci4wMDAxMzY_nGxrLMoyFkfigGYfDXzJ_4YDdcu,
user.000137,@user.000137:dv.techsmart.space,syt_dXNlci4wMDAxMzc_ZPenBcAydsXSTAkaFPnn_3MJdkG,
user.000138,@user.000138:dv.techsmart.space,syt_dXNlci4wMDAxMzg_vGytfwaxLHRQfPbktfqo_4Vnwt4,
user.000139,@user.000139:dv.techsmart.space,syt_dXNlci4wMDAxMzk_MRTyVLKlphSkTxQjVYdP_0byBzn,
user.000140,@user.000140:dv.techsmart.space,syt_dXNlci4wMDAxNDA_zjansudfsqYlAkgvibkG_13gsv7,
user.000141,@user.000141:dv.techsmart.space,syt_dXNlci4wMDAxNDE_ndqlfkzYETljNxOgwtkX_4PYnJu,
user.000142,@user.000142:dv.techsmart.space,syt_dXNlci4wMDAxNDI_zAIyALjQsaBogZXXpIaG_0XmIHz,
user.000143,@user.000143:dv.techsmart.space,syt_dXNlci4wMDAxNDM_NNyOEFzCDqHEEEJwYBMD_3YoUYP,
user.000144,@user.000144:dv.techsmart.space,syt_dXNlci4wMDAxNDQ_EUmoFelciOYXxFsMqsoo_1akts5,
user.000145,@user.000145:dv.techsmart.space,syt_dXNlci4wMDAxNDU_zVshchoybiNijJTEoasO_0TVO4P,
user.000146,@user.000146:dv.techsmart.space,syt_dXNlci4wMDAxNDY_odlGbfqcChkESepsQIZT_1Tg7HH,
user.000147,@user.000147:dv.techsmart.space,syt_dXNlci4wMDAxNDc_PklLwTRQFtmteBDFREJx_1yrjK6,
user.000148,@user.000148:dv.techsmart.space,syt_dXNlci4wMDAxNDg_hDAbEDlQnbPtlduamKut_2nOtP3,
user.000149,@user.000149:dv.techsmart.space,syt_dXNlci4wMDAxNDk_tlpWDmhEBouiceQlvMIz_0ehkSU,
user.000150,@user.000150:dv.techsmart.space,syt_dXNlci4wMDAxNTA_LcQmEXPQOcklgXhwmgMm_3vRlwv,
user.000151,@user.000151:dv.techsmart.space,syt_dXNlci4wMDAxNTE_FwahYtxDoAEIGxADWJQh_4LU06p,
user.000152,@user.000152:dv.techsmart.space,syt_dXNlci4wMDAxNTI_RGwjAypRtnvLnwAaLHKC_0BAMyF,
user.000153,@user.000153:dv.techsmart.space,syt_dXNlci4wMDAxNTM_gYxmNpkCABNdFlXPTmAZ_4M83T8,
user.000154,@user.000154:dv.techsmart.space,syt_dXNlci4wMDAxNTQ_mqTqvFhkumRTxVXAXOte_1ZfMYm,
user.000155,@user.000155:dv.techsmart.space,syt_dXNlci4wMDAxNTU_dYFVNSouEUoJaKHcWSrb_01gfHV,
user.000156,@user.000156:dv.techsmart.space,syt_dXNlci4wMDAxNTY_VvVSXhOTZylfttBMVIlx_0jF6RE,
user.000157,@user.000157:dv.techsmart.space,syt_dXNlci4wMDAxNTc_VfjXJSIJVLLZcTmwniNa_0oIiVP,
user.000158,@user.000158:dv.techsmart.space,syt_dXNlci4wMDAxNTg_ERkjlDijFPfIrvCYRZpw_49lID4,
user.000159,@user.000159:dv.techsmart.space,syt_dXNlci4wMDAxNTk_VvuIanOUWXnhzSUcWyyj_1g6Wr9,
user.000160,@user.000160:dv.techsmart.space,syt_dXNlci4wMDAxNjA_EkhfWGdMmVFyYxHaAtcQ_2ZaqFu,
user.000161,@user.000161:dv.techsmart.space,syt_dXNlci4wMDAxNjE_ZJUvjRFeojIooGpHxySg_0o6rGd,
user.000162,@user.000162:dv.techsmart.space,syt_dXNlci4wMDAxNjI_vqUdbOTkkCRpzsPfDACs_1vWMwu,
user.000163,@user.000163:dv.techsmart.space,syt_dXNlci4wMDAxNjM_WXqdQjgGJDTXPslCGugE_4aRF5u,
user.000164,@user.000164:dv.techsmart.space,syt_dXNlci4wMDAxNjQ_nNRcalhbyJUpqvgiJxUa_3jvpzU,
user.000165,@user.000165:dv.techsmart.space,syt_dXNlci4wMDAxNjU_xcPrusboJoOaQTwOaQNx_3OyTGW,
user.000166,@user.000166:dv.techsmart.space,syt_dXNlci4wMDAxNjY_WvFPcyhBSNwmwRQaVgjW_2khjXs,
user.000167,@user.000167:dv.techsmart.space,syt_dXNlci4wMDAxNjc_liDLYiWKfEQfthSPuzhO_3Vhnn0,
user.000168,@user.000168:dv.techsmart.space,syt_dXNlci4wMDAxNjg_UONAbtNgrRqklszSNmus_43QPtD,
user.000169,@user.000169:dv.techsmart.space,syt_dXNlci4wMDAxNjk_LOJrydplrcNmhjYQwEBh_0KI6TD,
user.000170,@user.000170:dv.techsmart.space,syt_dXNlci4wMDAxNzA_RmYnnSpetsbYYjuutbWT_28pDHw,
user.000171,@user.000171:dv.techsmart.space,syt_dXNlci4wMDAxNzE_nHGEAjHwIfwDRxKkogtn_33bidw,
user.000172,@user.000172:dv.techsmart.space,syt_dXNlci4wMDAxNzI_fecJWlkPfbziKcTZFFpt_4eaOjW,
user.000173,@user.000173:dv.techsmart.space,syt_dXNlci4wMDAxNzM_CcqEWaHNksDUxiICrqmS_3vMVwe,
user.000174,@user.000174:dv.techsmart.space,syt_dXNlci4wMDAxNzQ_IaVbAAtzUBljXFngGElW_43LcnI,
user.000175,@user.000175:dv.techsmart.space,syt_dXNlci4wMDAxNzU_jGTVsOKyVxOXiwSzFodb_2AYo4c,
user.000176,@user.000176:dv.techsmart.space,syt_dXNlci4wMDAxNzY_WUUyrDWqhXRPrelcnGMY_0fS1MH,
user.000177,@user.000177:dv.techsmart.space,syt_dXNlci4wMDAxNzc_wOLykYspsUJTKSPMVoJF_4YblDu,
user.000178,@user.000178:dv.techsmart.space,syt_dXNlci4wMDAxNzg_ftqxqrUaYejZbTPeHXuL_08cwhe,
user.000179,@user.000179:dv.techsmart.space,syt_dXNlci4wMDAxNzk_eqczHqjtvyMqxPkzdYrb_1y4TPD,
user.000180,@user.000180:dv.techsmart.space,syt_dXNlci4wMDAxODA_nPMKuKALJisEIZdQDfFd_1oVfvD,
user.000181,@user.000181:dv.techsmart.space,syt_dXNlci4wMDAxODE_cYldboQsNwGMlFHxMTGq_4Tb5e3,
user.000182,@user.000182:dv.techsmart.space,syt_dXNlci4wMDAxODI_jVjhAOUhzlEfzBfpdIkO_0cZQ35,
user.000183,@user.000183:dv.techsmart.space,syt_dXNlci4wMDAxODM_mJlLURpLGeiVAsrNnOAI_3QsXbO,
user.000184,@user.000184:dv.techsmart.space,syt_dXNlci4wMDAxODQ_qaKlrIirRMDYgGYAwcrq_0Z0Bnx,
user.000185,@user.000185:dv.techsmart.space,syt_dXNlci4wMDAxODU_RFJtPZmEpEFfZpwvaIwz_22s11t,
user.000186,@user.000186:dv.techsmart.space,syt_dXNlci4wMDAxODY_JQhSKsxEerWrgZgqwqXF_1W80ck,
user.000187,@user.000187:dv.techsmart.space,syt_dXNlci4wMDAxODc_FRFDeabWsfjfYYSrCHSR_0TF85t,
user.000188,@user.000188:dv.techsmart.space,syt_dXNlci4wMDAxODg_aWFoFtfjvvGQMglCYWIL_3crBdY,
user.000189,@user.000189:dv.techsmart.space,syt_dXNlci4wMDAxODk_RnhpmvkoNebGOZncGAHF_1DJjWj,
user.000190,@user.000190:dv.techsmart.space,syt_dXNlci4wMDAxOTA_AHKAHhownGzWnsmMXRpY_3wxKku,
user.000191,@user.000191:dv.techsmart.space,syt_dXNlci4wMDAxOTE_LZYHrIEPQGQPgnqCoRLG_2AlblA,
user.000192,@user.000192:dv.techsmart.space,syt_dXNlci4wMDAxOTI_WHRquDhCnlrdQaPMNaec_1r5dpu,
user.000193,@user.000193:dv.techsmart.space,syt_dXNlci4wMDAxOTM_RpfiJapdHwjVEjjlsPhg_2M7qpk,
user.000194,@user.000194:dv.techsmart.space,syt_dXNlci4wMDAxOTQ_HhZlphZpcHVyoflQLlWI_18rYKq,
user.000195,@user.000195:dv.techsmart.space,syt_dXNlci4wMDAxOTU_eoYOyRIdAQVxzmBHCeYJ_0DD11k,
user.000196,@user.000196:dv.techsmart.space,syt_dXNlci4wMDAxOTY_UzYWbmHjqeREbBcttGtr_3FKHHV,
user.000197,@user.000197:dv.techsmart.space,syt_dXNlci4wMDAxOTc_idkYfCJBEWdrFcstPESA_0ugeL1,
user.000198,@user.000198:dv.techsmart.space,syt_dXNlci4wMDAxOTg_PJQmlLwMZUQNDOKiufnL_2bQr8P,
user.000199,@user.000199:dv.techsmart.space,syt_dXNlci4wMDAxOTk_qWgWwNZOgCrDuaUtZdJO_1UEyYd,
user.000200,@user.000200:dv.techsmart.space,syt_dXNlci4wMDAyMDA_JTdkyljopgrnYQnmfVWu_4fUSzn,
user.000201,@user.000201:dv.techsmart.space,syt_dXNlci4wMDAyMDE_ZZTKLAewoatAIEaMMQWS_28vNQx,
user.000202,@user.000202:dv.techsmart.space,syt_dXNlci4wMDAyMDI_PyxazrJkrpcvFZHUBnAQ_0UJhoq,
user.000203,@user.000203:dv.techsmart.space,syt_dXNlci4wMDAyMDM_eUYbkUUmHLogxOlhZXiQ_2cLOtg,
user.000204,@user.000204:dv.techsmart.space,syt_dXNlci4wMDAyMDQ_FpvxrRUBlEJMHnYvAqYV_2t46bW,
user.000205,@user.000205:dv.techsmart.space,syt_dXNlci4wMDAyMDU_cEYunNUoTTqcOcfiKoJS_1GSROG,
user.000206,@user.000206:dv.techsmart.space,syt_dXNlci4wMDAyMDY_NrugfiaITjxSAAFSWcuB_0RfdE2,
user.000207,@user.000207:dv.techsmart.space,syt_dXNlci4wMDAyMDc_FvWUtRmEJBBlPIXIcTfx_2gM23Y,
user.000208,@user.000208:dv.techsmart.space,syt_dXNlci4wMDAyMDg_AXoIweuAlMBrdJqCvmou_0lWOve,
user.000209,@user.000209:dv.techsmart.space,syt_dXNlci4wMDAyMDk_aSRIekzmCGkQpKZaJEjI_3zAFd6,
user.000210,@user.000210:dv.techsmart.space,syt_dXNlci4wMDAyMTA_MWqNkXmBlhzccQvWumto_1ePWnb,
user.000211,@user.000211:dv.techsmart.space,syt_dXNlci4wMDAyMTE_iaSPrnMfiizVCMKyuooL_0ysTYr,
user.000212,@user.000212:dv.techsmart.space,syt_dXNlci4wMDAyMTI_gjqbkqTOiGYbxiRfTAcI_3pp2pA,
user.000213,@user.000213:dv.techsmart.space,syt_dXNlci4wMDAyMTM_RLNtOxSDnFHVNUzBoYRT_2V11B0,
user.000214,@user.000214:dv.techsmart.space,syt_dXNlci4wMDAyMTQ_UZNuJWsjUWlaEbVepvSq_1Vcxdf,
user.000215,@user.000215:dv.techsmart.space,syt_dXNlci4wMDAyMTU_HCXEBXDgTkLeMHhVgwBm_1o1H96,
user.000216,@user.000216:dv.techsmart.space,syt_dXNlci4wMDAyMTY_idprzmPaAcBkEyChFUHF_1Hd1tA,
user.000217,@user.000217:dv.techsmart.space,syt_dXNlci4wMDAyMTc_SkpHAoqJVhiBDCzncUhs_4GDMRL,
user.000218,@user.000218:dv.techsmart.space,syt_dXNlci4wMDAyMTg_VISHbwCOljuFKtpiGuBW_3TSLA2,
user.000219,@user.000219:dv.techsmart.space,syt_dXNlci4wMDAyMTk_TtBfiVbLHVKIPMlOvVgV_49tO79,
user.000220,@user.000220:dv.techsmart.space,syt_dXNlci4wMDAyMjA_YaWzAKwkRFUeKvvxGAHh_2rpMdM,
user.000221,@user.000221:dv.techsmart.space,syt_dXNlci4wMDAyMjE_eKzfaDbZZovYPAQMEfBP_09XNjH,
user.000222,@user.000222:dv.techsmart.space,syt_dXNlci4wMDAyMjI_ESnHdHKHwQeklZSghteX_4XTg0N,
user.000223,@user.000223:dv.techsmart.space,syt_dXNlci4wMDAyMjM_lONWjANqkUxFikSPgsTH_3DXd0z,
user.000224,@user.000224:dv.techsmart.space,syt_dXNlci4wMDAyMjQ_lhBoFTYoNQKmDRjsZCZm_2HJigo,
user.000225,@user.000225:dv.techsmart.space,syt_dXNlci4wMDAyMjU_EkzSwsIYPXrPZYUxisga_3TGmF8,
user.000226,@user.000226:dv.techsmart.space,syt_dXNlci4wMDAyMjY_GkwSnjKGCXxBncpHyUbU_49Abyn,
user.000227,@user.000227:dv.techsmart.space,syt_dXNlci4wMDAyMjc_ILJrdRolMCxFvTCEmEvt_1kJHGm,
user.000228,@user.000228:dv.techsmart.space,syt_dXNlci4wMDAyMjg_OlTEQlPPcTRZOTFUgBGE_29yuVf,
user.000229,@user.000229:dv.techsmart.space,syt_dXNlci4wMDAyMjk_WZMcJszRtcOYXUVYjXsm_0eVNyO,
user.000230,@user.000230:dv.techsmart.space,syt_dXNlci4wMDAyMzA_ZihZkccqNdMmWUCzWPnv_0KRjZp,
user.000231,@user.000231:dv.techsmart.space,syt_dXNlci4wMDAyMzE_wfYNMjVLsKoMwZwRToFP_2N66mC,
user.000232,@user.000232:dv.techsmart.space,syt_dXNlci4wMDAyMzI_vtYledXGUvpdWZsWLsQs_1c1c9G,
user.000233,@user.000233:dv.techsmart.space,syt_dXNlci4wMDAyMzM_hgwBsnqpVZuIgGodeYzZ_0FuGXz,
user.000234,@user.000234:dv.techsmart.space,syt_dXNlci4wMDAyMzQ_UJXjGoyxyqUlqjrxhciS_0EPgt2,
user.000235,@user.000235:dv.techsmart.space,syt_dXNlci4wMDAyMzU_sTIuJcXJMJTXNrpzNcDO_0p5KIk,
user.000236,@user.000236:dv.techsmart.space,syt_dXNlci4wMDAyMzY_KRKwVeMpSkQrDaqrPGth_3bUwjm,
user.000237,@user.000237:dv.techsmart.space,syt_dXNlci4wMDAyMzc_AcAlOlbOEdnFEKPYZrOk_0r61QX,
user.000238,@user.000238:dv.techsmart.space,syt_dXNlci4wMDAyMzg_xRvRaDUjCJuccAujiYDU_2orvhd,
user.000239,@user.000239:dv.techsmart.space,syt_dXNlci4wMDAyMzk_XPgYnTKeHmxsbHEDaCrH_3VdRPH,
user.000240,@user.000240:dv.techsmart.space,syt_dXNlci4wMDAyNDA_BkDqYZrRsgngxhMizzJo_1wXX2T,
user.000241,@user.000241:dv.techsmart.space,syt_dXNlci4wMDAyNDE_nlhqWkRIXLubLYCIIMOX_2iReqd,
user.000242,@user.000242:dv.techsmart.space,syt_dXNlci4wMDAyNDI_zicSauzllFEfwRFnWssf_34qe2S,
user.000243,@user.000243:dv.techsmart.space,syt_dXNlci4wMDAyNDM_hAeNMsXKTrlvFxdjvoUw_0haznD,
user.000244,@user.000244:dv.techsmart.space,syt_dXNlci4wMDAyNDQ_WMmBEqfHyKKGbQsKtzgF_005lw7,
user.000245,@user.000245:dv.techsmart.space,syt_dXNlci4wMDAyNDU_rUIbcmlaNhLkmKwUmcHX_43Myra,
user.000246,@user.000246:dv.techsmart.space,syt_dXNlci4wMDAyNDY_SxfCkqZwiyLXgYPdMPCV_0IvWtX,
user.000247,@user.000247:dv.techsmart.space,syt_dXNlci4wMDAyNDc_pWFwfUmtHDCRrlmGgILp_1piKbh,
user.000248,@user.000248:dv.techsmart.space,syt_dXNlci4wMDAyNDg_USmtQYEkmRiPLUbyRqJk_4U16Y0,
user.000249,@user.000249:dv.techsmart.space,syt_dXNlci4wMDAyNDk_HrNHlaZIkCtTHxPjQBAS_025tSV,
user.000250,@user.000250:dv.techsmart.space,syt_dXNlci4wMDAyNTA_iJZfjbNAnZnKyoSueIhv_2ZAGJp,
user.000251,@user.000251:dv.techsmart.space,syt_dXNlci4wMDAyNTE_YqgGlVDyTZgBJAvrDvGr_4bAcae,
user.000252,@user.000252:dv.techsmart.space,syt_dXNlci4wMDAyNTI_YwNIBBuhJLfyeMXneBym_366C5I,
user.000253,@user.000253:dv.techsmart.space,syt_dXNlci4wMDAyNTM_ubsRGEDgcrTcqrQQbhmR_4c66Ga,
user.000254,@user.000254:dv.techsmart.space,syt_dXNlci4wMDAyNTQ_UwiLUxWCAMXFqgXEbrMI_3dYvAQ,
user.000255,@user.000255:dv.techsmart.space,syt_dXNlci4wMDAyNTU_HmRuIzckFxeKAdiAZBnK_1JoHGX,
user.000256,@user.000256:dv.techsmart.space,syt_dXNlci4wMDAyNTY_AeAWVSbJgpStoauykkpy_2gszfC,
user.000257,@user.000257:dv.techsmart.space,syt_dXNlci4wMDAyNTc_jsUFduSRbOvSrcNlQdSS_0RzU9D,
user.000258,@user.000258:dv.techsmart.space,syt_dXNlci4wMDAyNTg_gkPkhYFoRaQktnLduDez_06wUTH,
user.000259,@user.000259:dv.techsmart.space,syt_dXNlci4wMDAyNTk_ObCtOHgElPrTAESIjhpA_1YAUIG,
user.000260,@user.000260:dv.techsmart.space,syt_dXNlci4wMDAyNjA_HdkrHbdQZCSiorUZorDt_0hyODT,
user.000261,@user.000261:dv.techsmart.space,syt_dXNlci4wMDAyNjE_EOUbsMyRvQrbmTmdKFda_04NlOw,
user.000262,@user.000262:dv.techsmart.space,syt_dXNlci4wMDAyNjI_NGKSUYJuvgIlBRNjqrPW_4IeDyn,
user.000263,@user.000263:dv.techsmart.space,syt_dXNlci4wMDAyNjM_muqLHrRuDQHLzNiBnyTS_0uVYe4,
user.000264,@user.000264:dv.techsmart.space,syt_dXNlci4wMDAyNjQ_EaiRTpFppArdRBQuxkhw_0kUTtA,
user.000265,@user.000265:dv.techsmart.space,syt_dXNlci4wMDAyNjU_wpUBPvjyWBsjABdDeQqc_2ZM6Ga,
user.000266,@user.000266:dv.techsmart.space,syt_dXNlci4wMDAyNjY_rigORmUcGJHYYPvkRfpJ_4Pf89c,
user.000267,@user.000267:dv.techsmart.space,syt_dXNlci4wMDAyNjc_drKZXrwdDPzFbtykqTPo_4OdH16,
user.000268,@user.000268:dv.techsmart.space,syt_dXNlci4wMDAyNjg_jwEyTNaMpeCcyGEhzvJs_3ScbP2,
user.000269,@user.000269:dv.techsmart.space,syt_dXNlci4wMDAyNjk_EARppwvxvgVZprrlKkFJ_0BVVc2,
user.000270,@user.000270:dv.techsmart.space,syt_dXNlci4wMDAyNzA_bfOwniBiKRAjiTBjWaEQ_00MG3T,
user.000271,@user.000271:dv.techsmart.space,syt_dXNlci4wMDAyNzE_LgbcswSPnlbsarAqMQar_2TjHs0,
user.000272,@user.000272:dv.techsmart.space,syt_dXNlci4wMDAyNzI_GpPiVTZVBlZAnzTfkFKE_4QZSxu,
user.000273,@user.000273:dv.techsmart.space,syt_dXNlci4wMDAyNzM_iiiCgNPClOZOwXbrdFjg_35Uw4A,
user.000274,@user.000274:dv.techsmart.space,syt_dXNlci4wMDAyNzQ_VOdgFeVxnRGiXfHikETe_3L1GYT,
user.000275,@user.000275:dv.techsmart.space,syt_dXNlci4wMDAyNzU_BQObgyZoSlAlOpHyyfae_0CjH1Y,
user.000276,@user.000276:dv.techsmart.space,syt_dXNlci4wMDAyNzY_tMVJXarJDzSSmggRXzGU_2QB1V7,
user.000277,@user.000277:dv.techsmart.space,syt_dXNlci4wMDAyNzc_slSoQIDifKSNyqKlOHaA_14ftrg,
user.000278,@user.000278:dv.techsmart.space,syt_dXNlci4wMDAyNzg_oXaoFPDeifcGvkLEdApd_0WXtjV,
user.000279,@user.000279:dv.techsmart.space,syt_dXNlci4wMDAyNzk_cMeCmxlEKXoFiKKUyjgK_1hTV7Q,
user.000280,@user.000280:dv.techsmart.space,syt_dXNlci4wMDAyODA_gCZBMFkGuoOMoHIdOEwD_4K5LYb,
user.000281,@user.000281:dv.techsmart.space,syt_dXNlci4wMDAyODE_JSNTuoMktqZzcLqXsyVv_4IbAlr,
user.000282,@user.000282:dv.techsmart.space,syt_dXNlci4wMDAyODI_hzLztaYCjGoeBTxKKYKc_3UB9ry,
user.000283,@user.000283:dv.techsmart.space,syt_dXNlci4wMDAyODM_vmkjktddyxSWgZfYFhje_4DzqpM,
user.000284,@user.000284:dv.techsmart.space,syt_dXNlci4wMDAyODQ_iQWAqCUWqdqWpzhnySQj_2XushY,
user.000285,@user.000285:dv.techsmart.space,syt_dXNlci4wMDAyODU_KzMXCwKFqkbarFPtCGlG_27N9MY,
user.000286,@user.000286:dv.techsmart.space,syt_dXNlci4wMDAyODY_akasrsAJPeQcZAAmnMsY_06rmTS,
user.000287,@user.000287:dv.techsmart.space,syt_dXNlci4wMDAyODc_nRpWwrNyoOghhHLNKRtA_3cSWsU,
user.000288,@user.000288:dv.techsmart.space,syt_dXNlci4wMDAyODg_mkLBHqFowptltlEoyRFU_1jh0Vz,
user.000289,@user.000289:dv.techsmart.space,syt_dXNlci4wMDAyODk_VnHkPhtSLVNTepojRcpG_3m8YWX,
user.000290,@user.000290:dv.techsmart.space,syt_dXNlci4wMDAyOTA_RPPLcaBTFVBMLWFqVClv_2zwyFl,
user.000291,@user.000291:dv.techsmart.space,syt_dXNlci4wMDAyOTE_FtexXzQoYCMxuudWjfle_2F26sk,
user.000292,@user.000292:dv.techsmart.space,syt_dXNlci4wMDAyOTI_rfaQJCvuVpHjiZAlSxQr_3Hmtzo,
user.000293,@user.000293:dv.techsmart.space,syt_dXNlci4wMDAyOTM_kJzjenZMnStQVkWGgwjZ_338y6Z,
user.000294,@user.000294:dv.techsmart.space,syt_dXNlci4wMDAyOTQ_wmeDmjqXHuQVtHzfutDC_0JOlvJ,
user.000295,@user.000295:dv.techsmart.space,syt_dXNlci4wMDAyOTU_yOzGKYqEBtBItPFovHpL_1QWZpG,
user.000296,@user.000296:dv.techsmart.space,syt_dXNlci4wMDAyOTY_KIRrrrAwJRiVTMGLYeOH_3Sbmop,
user.000297,@user.000297:dv.techsmart.space,syt_dXNlci4wMDAyOTc_iJotnPmHDvLkvvKxJhaw_2jmFEH,
user.000298,@user.000298:dv.techsmart.space,syt_dXNlci4wMDAyOTg_uDcMEHJKDNgEkkKPYzNo_3zgcMn,
user.000299,@user.000299:dv.techsmart.space,syt_dXNlci4wMDAyOTk_VOBYdjQUCudnxjBJNNaC_0CvieA,
user.000300,@user.000300:dv.techsmart.space,syt_dXNlci4wMDAzMDA_ZWYCRlDDvqxEKeGFDgdo_3I3afa,
user.000301,@user.000301:dv.techsmart.space,syt_dXNlci4wMDAzMDE_jzfnycNUawnBDBJtaozY_4WtP92,
user.000302,@user.000302:dv.techsmart.space,syt_dXNlci4wMDAzMDI_EKBTPddJxgoStIGBmkvY_2WcSh6,
user.000303,@user.000303:dv.techsmart.space,syt_dXNlci4wMDAzMDM_qBanGoXhZxmARCoYVrGN_3lcxMP,
user.000304,@user.000304:dv.techsmart.space,syt_dXNlci4wMDAzMDQ_OHTJqUDILJUGRsZbPtGy_3vN2lH,
user.000305,@user.000305:dv.techsmart.space,syt_dXNlci4wMDAzMDU_CsbCRPiYYMtcMMOkKfCs_3bctmc,
user.000306,@user.000306:dv.techsmart.space,syt_dXNlci4wMDAzMDY_ETLPKLaMQeaZAxPpkPCS_19DuBn,
user.000307,@user.000307:dv.techsmart.space,syt_dXNlci4wMDAzMDc_NrZGRVQsXxsGqIGqBBhQ_0o5Kbm,
user.000308,@user.000308:dv.techsmart.space,syt_dXNlci4wMDAzMDg_IjcKqvYwexLEeJsAlqGF_4LWwSH,
user.000309,@user.000309:dv.techsmart.space,syt_dXNlci4wMDAzMDk_gdUhhMPlDmKmxGNqSLJh_3TsKkN,
user.000310,@user.000310:dv.techsmart.space,syt_dXNlci4wMDAzMTA_GdRTJexmWrbZSOQNZWvA_32j0fX,
user.000311,@user.000311:dv.techsmart.space,syt_dXNlci4wMDAzMTE_MnDoDDjMeeNLCKlcdSwo_2BN6ui,
user.000312,@user.000312:dv.techsmart.space,syt_dXNlci4wMDAzMTI_NpUIyDybYDxKUGgplYWc_3MsfFh,
user.000313,@user.000313:dv.techsmart.space,syt_dXNlci4wMDAzMTM_NFQPKhPUnpbOMEEEXVWV_0sckap,
user.000314,@user.000314:dv.techsmart.space,syt_dXNlci4wMDAzMTQ_KcPpNrvCmOEwQuvfZwco_4R1R6D,
user.000315,@user.000315:dv.techsmart.space,syt_dXNlci4wMDAzMTU_XIATONNGnOjwldIaQAwa_0zl2PM,
user.000316,@user.000316:dv.techsmart.space,syt_dXNlci4wMDAzMTY_mKjBoydYxFPTPorAwCQz_2r0wjw,
user.000317,@user.000317:dv.techsmart.space,syt_dXNlci4wMDAzMTc_wPQVMaHItGuEIrLNmwIq_2UJkzZ,
user.000318,@user.000318:dv.techsmart.space,syt_dXNlci4wMDAzMTg_pmTSEHFAuBnpmdmVNspu_16rEFv,
user.000319,@user.000319:dv.techsmart.space,syt_dXNlci4wMDAzMTk_tgLqLvZYSPncTWdjUuWw_0NBsU2,
user.000320,@user.000320:dv.techsmart.space,syt_dXNlci4wMDAzMjA_vOnOEXqoPxmDfugjloER_1QXnQn,
user.000321,@user.000321:dv.techsmart.space,syt_dXNlci4wMDAzMjE_xRetrUBERstZmEhZzMeK_2oN6NA,
user.000322,@user.000322:dv.techsmart.space,syt_dXNlci4wMDAzMjI_eBrvTddltHFkaXRBEdDz_1ibPdS,
user.000323,@user.000323:dv.techsmart.space,syt_dXNlci4wMDAzMjM_FXqjskcScxwhlyNQTeYN_0uAJSJ,
user.000324,@user.000324:dv.techsmart.space,syt_dXNlci4wMDAzMjQ_pcUoLCIYLarhWIcrcAoo_2wbxzV,
user.000325,@user.000325:dv.techsmart.space,syt_dXNlci4wMDAzMjU_kcECvfRvbxPgTdVZvGsj_2D0Vg9,
user.000326,@user.000326:dv.techsmart.space,syt_dXNlci4wMDAzMjY_kzAOUWXmttWdcUvLXkuN_1FSARO,
user.000327,@user.000327:dv.techsmart.space,syt_dXNlci4wMDAzMjc_GxUrFSWsZCKmzFFsfcDs_4OON53,
user.000328,@user.000328:dv.techsmart.space,syt_dXNlci4wMDAzMjg_qYfAgplRZvqDngPlqpeb_4fSNiu,
user.000329,@user.000329:dv.techsmart.space,syt_dXNlci4wMDAzMjk_tfxVekoltrLZkatrIzvF_22pT0V,
user.000330,@user.000330:dv.techsmart.space,syt_dXNlci4wMDAzMzA_SDVLDlrNXskXUxiSHSdS_2IpWlY,
user.000331,@user.000331:dv.techsmart.space,syt_dXNlci4wMDAzMzE_kiQULimUioHszCXhZXMx_47upLl,
user.000332,@user.000332:dv.techsmart.space,syt_dXNlci4wMDAzMzI_XHVxCBDNMHgyUplfZkOd_2hYTor,
user.000333,@user.000333:dv.techsmart.space,syt_dXNlci4wMDAzMzM_wlSXvsBPZGHcEVPBybKx_3qVLY0,
user.000334,@user.000334:dv.techsmart.space,syt_dXNlci4wMDAzMzQ_UGnEHANeXmLpsStNWbJb_14UPj1,
user.000335,@user.000335:dv.techsmart.space,syt_dXNlci4wMDAzMzU_YTtoQIAYAYChTBtbLXMi_3Jyppy,
user.000336,@user.000336:dv.techsmart.space,syt_dXNlci4wMDAzMzY_VOJwyHOIxBUBtoKPwLJx_4UjX98,
user.000337,@user.000337:dv.techsmart.space,syt_dXNlci4wMDAzMzc_rWlZhodFMMAQrDPmupPn_3X6ljI,
user.000338,@user.000338:dv.techsmart.space,syt_dXNlci4wMDAzMzg_xPlTRgijXSMAeXLrLFTB_4Q2KQL,
user.000339,@user.000339:dv.techsmart.space,syt_dXNlci4wMDAzMzk_VlXIkiJofqGpZWRUIVRd_2eC79z,
user.000340,@user.000340:dv.techsmart.space,syt_dXNlci4wMDAzNDA_ROYziotGssKcEUXYZhUg_4TS4tb,
user.000341,@user.000341:dv.techsmart.space,syt_dXNlci4wMDAzNDE_PNGCdQEfEVUoHRkmAJod_4QMsKm,
user.000342,@user.000342:dv.techsmart.space,syt_dXNlci4wMDAzNDI_ZdmOhOZtREBgIENTXCCo_00tFyj,
user.000343,@user.000343:dv.techsmart.space,syt_dXNlci4wMDAzNDM_kduLZKpHrZRseNZPEJlS_29Oq8C,
user.000344,@user.000344:dv.techsmart.space,syt_dXNlci4wMDAzNDQ_HDNfLUjuSRLBKwfmshRo_2fvmu6,
user.000345,@user.000345:dv.techsmart.space,syt_dXNlci4wMDAzNDU_GajOsZJIiSHRevigZQph_1zPktu,
user.000346,@user.000346:dv.techsmart.space,syt_dXNlci4wMDAzNDY_wyNJymvTextHfbRcdGbD_0yGBBw,
user.000347,@user.000347:dv.techsmart.space,syt_dXNlci4wMDAzNDc_vFWqwGveRnJYlyCIGVIy_038BGR,
user.000348,@user.000348:dv.techsmart.space,syt_dXNlci4wMDAzNDg_PNDezNpsGkcMxlPBXYCc_1snu78,
user.000349,@user.000349:dv.techsmart.space,syt_dXNlci4wMDAzNDk_bGVzdLOnbtbKIGFnXBfm_2rfiKg,
user.000350,@user.000350:dv.techsmart.space,syt_dXNlci4wMDAzNTA_NvPxmZyVFYhhWLCyWZJc_1BxWIh,
user.000351,@user.000351:dv.techsmart.space,syt_dXNlci4wMDAzNTE_bzjxOajNMgBGcrYFUFuj_3j8waa,
user.000352,@user.000352:dv.techsmart.space,syt_dXNlci4wMDAzNTI_QLqwOBgQXOIlnPVNSULG_1dwuGG,
user.000353,@user.000353:dv.techsmart.space,syt_dXNlci4wMDAzNTM_tlAzhpUjSDQmzQyNGgxG_3lB42X,
user.000354,@user.000354:dv.techsmart.space,syt_dXNlci4wMDAzNTQ_kjoAoEFqzxjvMKILrKSi_28CTex,
user.000355,@user.000355:dv.techsmart.space,syt_dXNlci4wMDAzNTU_yZUxfPJEABtQgizMUwBv_2Cdwfu,
user.000356,@user.000356:dv.techsmart.space,syt_dXNlci4wMDAzNTY_dXAbkzFpcfMhZexfxFiQ_15tWLE,
user.000357,@user.000357:dv.techsmart.space,syt_dXNlci4wMDAzNTc_SHlJpkDpONLOcqijrysF_0WsT4b,
user.000358,@user.000358:dv.techsmart.space,syt_dXNlci4wMDAzNTg_xwpkspJvccvMcjQyXOUj_4Ff4jI,
user.000359,@user.000359:dv.techsmart.space,syt_dXNlci4wMDAzNTk_EavzMZQHWNgwMXYgzxNp_0FGewJ,
user.000360,@user.000360:dv.techsmart.space,syt_dXNlci4wMDAzNjA_iLYyKGPVEbBXWJBgwYFX_19Tfkf,
user.000361,@user.000361:dv.techsmart.space,syt_dXNlci4wMDAzNjE_anwJFgzbdBQFYuOmLvpY_0b20kb,
user.000362,@user.000362:dv.techsmart.space,syt_dXNlci4wMDAzNjI_KHuvxUqouGnIqXanKASa_1WbtPO,
user.000363,@user.000363:dv.techsmart.space,syt_dXNlci4wMDAzNjM_MTsGtiQPPLMSTSXULYRd_2kA1jl,
user.000364,@user.000364:dv.techsmart.space,syt_dXNlci4wMDAzNjQ_yeeoyAXzPvnLiZUBCrmS_2FXOdL,
user.000365,@user.000365:dv.techsmart.space,syt_dXNlci4wMDAzNjU_FnbqaWFrGCeOYSCDxIpp_1CVF4A,
user.000366,@user.000366:dv.techsmart.space,syt_dXNlci4wMDAzNjY_WtoCyERyQMuKvMHRfcgi_0Fk0Vl,
user.000367,@user.000367:dv.techsmart.space,syt_dXNlci4wMDAzNjc_MrKhTLJeMeHWFqecPUwF_280NQb,
user.000368,@user.000368:dv.techsmart.space,syt_dXNlci4wMDAzNjg_SDTWTEkOXbwoMCytQJCq_0kL9R7,
user.000369,@user.000369:dv.techsmart.space,syt_dXNlci4wMDAzNjk_zYNDjFIzbpUtpuEZtMxc_20FQn3,
user.000370,@user.000370:dv.techsmart.space,syt_dXNlci4wMDAzNzA_iIyJFKxFetlJynjBcnlG_2ijGa5,
user.000371,@user.000371:dv.techsmart.space,syt_dXNlci4wMDAzNzE_qkkRYpZIRxVICRRVCMKh_2alkNq,
user.000372,@user.000372:dv.techsmart.space,syt_dXNlci4wMDAzNzI_zYhOjogwBdpgEppfpghI_0pjxKg,
user.000373,@user.000373:dv.techsmart.space,syt_dXNlci4wMDAzNzM_UrwXgbqeoUmxZhanHmuf_1m18aI,
user.000374,@user.000374:dv.techsmart.space,syt_dXNlci4wMDAzNzQ_hMLIgrOLOWEcJaaYQYYJ_3u68rV,
user.000375,@user.000375:dv.techsmart.space,syt_dXNlci4wMDAzNzU_GUBjArsXWcWIvmlcuqrv_2QjGaV,
user.000376,@user.000376:dv.techsmart.space,syt_dXNlci4wMDAzNzY_osNjTxWGnarmEyvlQdaa_0yt9xu,
user.000377,@user.000377:dv.techsmart.space,syt_dXNlci4wMDAzNzc_MMfZjOmvCRGrJxZWxXFH_464Agk,
user.000378,@user.000378:dv.techsmart.space,syt_dXNlci4wMDAzNzg_ybEAwXMOERuJIFzXQXwn_0PhWzA,
user.000379,@user.000379:dv.techsmart.space,syt_dXNlci4wMDAzNzk_QXPdMsXdpbadlcjfXSOr_1MQZD9,
user.000380,@user.000380:dv.techsmart.space,syt_dXNlci4wMDAzODA_WhjBtuFukmMREMGhEEfG_2pTzMQ,
user.000381,@user.000381:dv.techsmart.space,syt_dXNlci4wMDAzODE_FfliuiuaBpTlGslwxNcI_0vST8R,
user.000382,@user.000382:dv.techsmart.space,syt_dXNlci4wMDAzODI_LSzpSnVTTrIWCXzyrLAC_1q94CX,
user.000383,@user.000383:dv.techsmart.space,syt_dXNlci4wMDAzODM_qTbLWNGJsnHvzoIYSywU_03klY6,
user.000384,@user.000384:dv.techsmart.space,syt_dXNlci4wMDAzODQ_WoxmxbcTqvKqAsfQYbtb_0sZClU,
user.000385,@user.000385:dv.techsmart.space,syt_dXNlci4wMDAzODU_ndezcLbtbHLChpxfMQMR_0PjFJp,
user.000386,@user.000386:dv.techsmart.space,syt_dXNlci4wMDAzODY_ZAAOSVRCnSRGNsVuoFBX_1O6nDY,
user.000387,@user.000387:dv.techsmart.space,syt_dXNlci4wMDAzODc_BuvSrnznLsCSOCNqXYAx_2zRcGb,
user.000388,@user.000388:dv.techsmart.space,syt_dXNlci4wMDAzODg_YGhJskaTQMPMIpbjdvte_2iMOHh,
user.000389,@user.000389:dv.techsmart.space,syt_dXNlci4wMDAzODk_NRoPNyRhDQxYlFXqxqwx_3cfJ3b,
user.000390,@user.000390:dv.techsmart.space,syt_dXNlci4wMDAzOTA_GonhjsmleARwerTRqzov_0JUQSD,
user.000391,@user.000391:dv.techsmart.space,syt_dXNlci4wMDAzOTE_iSYMYmYzdPRywiXvGMxg_3QyUH0,
user.000392,@user.000392:dv.techsmart.space,syt_dXNlci4wMDAzOTI_uVabBjoxXgZwEWfqOnZy_0K3TVq,
user.000393,@user.000393:dv.techsmart.space,syt_dXNlci4wMDAzOTM_HIfyLcjGsxtTGDqIHVHQ_19hwuP,
user.000394,@user.000394:dv.techsmart.space,syt_dXNlci4wMDAzOTQ_PgLFZzujanQibKimUcmp_0ir5dg,
user.000395,@user.000395:dv.techsmart.space,syt_dXNlci4wMDAzOTU_GxFMqOtjivyysCqBnISX_0AwLeo,
user.000396,@user.000396:dv.techsmart.space,syt_dXNlci4wMDAzOTY_tSVsbjzzmNVzpVxrzsQo_1AVC3N,
user.000397,@user.000397:dv.techsmart.space,syt_dXNlci4wMDAzOTc_QFpvICgYBFTiAncbmIiL_2jMzBD,
user.000398,@user.000398:dv.techsmart.space,syt_dXNlci4wMDAzOTg_TSXpExcDGsIGbhGgwCiR_39T6Ew,
user.000399,@user.000399:dv.techsmart.space,syt_dXNlci4wMDAzOTk_URxcLnfhGLMSEkWlNXkT_1Iwrlx,
user.000400,@user.000400:dv.techsmart.space,syt_dXNlci4wMDA0MDA_LIweiOienSOCHvkYjjxo_2911So,
user.000401,@user.000401:dv.techsmart.space,syt_dXNlci4wMDA0MDE_owMBqEYZfFrBDjmqoUvV_24eqYi,
user.000402,@user.000402:dv.techsmart.space,syt_dXNlci4wMDA0MDI_wwSRzQKHCzxxABaRaxkq_3nxDLH,
user.000403,@user.000403:dv.techsmart.space,syt_dXNlci4wMDA0MDM_UwXFbUlcoJYYozQGCkiG_0CUxyo,
user.000404,@user.000404:dv.techsmart.space,syt_dXNlci4wMDA0MDQ_PJPYJjZOxIkkdHMcGvjY_3jcTQX,
user.000405,@user.000405:dv.techsmart.space,syt_dXNlci4wMDA0MDU_cZNkuFjAWNnRCciwcAFa_4EKTHd,
user.000406,@user.000406:dv.techsmart.space,syt_dXNlci4wMDA0MDY_CtFvAfnbZatBLBmTdydl_3veHYy,
user.000407,@user.000407:dv.techsmart.space,syt_dXNlci4wMDA0MDc_sjEnbEzTuXksczLxuAXa_0LcSNx,
user.000408,@user.000408:dv.techsmart.space,syt_dXNlci4wMDA0MDg_tRRqLxCRDFHrvgUjWrRW_4bLsT4,
user.000409,@user.000409:dv.techsmart.space,syt_dXNlci4wMDA0MDk_fWmNsJIvuhhIKYGjYSvX_1nSFyR,
user.000410,@user.000410:dv.techsmart.space,syt_dXNlci4wMDA0MTA_QVlgLjtDrBzJqWftPIha_0hrEUS,
user.000411,@user.000411:dv.techsmart.space,syt_dXNlci4wMDA0MTE_kGkqDYTNcWOeNmjcQKFH_2UAOG1,
user.000412,@user.000412:dv.techsmart.space,syt_dXNlci4wMDA0MTI_RVtZXCfeojsOqcgpCZaX_3DlOTi,
user.000413,@user.000413:dv.techsmart.space,syt_dXNlci4wMDA0MTM_msdVewfMwLzxNpdgeBww_0pY8Uh,
user.000414,@user.000414:dv.techsmart.space,syt_dXNlci4wMDA0MTQ_eMqLomRuZNsAmhfbejfO_3YEf7C,
user.000415,@user.000415:dv.techsmart.space,syt_dXNlci4wMDA0MTU_JZggqGvncwRMvxttCfsU_2XkkVY,
user.000416,@user.000416:dv.techsmart.space,syt_dXNlci4wMDA0MTY_GHLqatKJOQGAxUVtDdWr_2k2ZLr,
user.000417,@user.000417:dv.techsmart.space,syt_dXNlci4wMDA0MTc_bFTcwbmXRkiRgzaWuoWt_2HNdkt,
user.000418,@user.000418:dv.techsmart.space,syt_dXNlci4wMDA0MTg_VbNrIqNlVIwhBYepTtFQ_4LkNEH,
user.000419,@user.000419:dv.techsmart.space,syt_dXNlci4wMDA0MTk_OuNzLJmgaEodIfmAfVqW_1DczUv,
user.000420,@user.000420:dv.techsmart.space,syt_dXNlci4wMDA0MjA_ZJKZOUvnDvwejDNjFDly_3byIjI,
user.000421,@user.000421:dv.techsmart.space,syt_dXNlci4wMDA0MjE_KekHMmzfGMZXsGPGSWdb_1p0d5M,
user.000422,@user.000422:dv.techsmart.space,syt_dXNlci4wMDA0MjI_DtAXNYGkLuLJxRJPeoNk_4GRTna,
user.000423,@user.000423:dv.techsmart.space,syt_dXNlci4wMDA0MjM_OXnPrASCsjZHHvFJDaMd_1WUUVz,
user.000424,@user.000424:dv.techsmart.space,syt_dXNlci4wMDA0MjQ_RmiZivlvujjlMwGRBNXy_4Rsrnw,
user.000425,@user.000425:dv.techsmart.space,syt_dXNlci4wMDA0MjU_qFjnqeMPnQZNLpbiIfGw_1HGAKx,
user.000426,@user.000426:dv.techsmart.space,syt_dXNlci4wMDA0MjY_gywgpcvALcgeGkjcWzcG_4aybjs,
user.000427,@user.000427:dv.techsmart.space,syt_dXNlci4wMDA0Mjc_qlthlGzARElOfcabxCpR_37g1uv,
user.000428,@user.000428:dv.techsmart.space,syt_dXNlci4wMDA0Mjg_phnaYaYQxegodXyqdYoA_22KVz7,
user.000429,@user.000429:dv.techsmart.space,syt_dXNlci4wMDA0Mjk_etRwXzDeIcNUBDVpdwuf_1WInXf,
user.000430,@user.000430:dv.techsmart.space,syt_dXNlci4wMDA0MzA_ILwhlnvbfQsKGPEHfBoM_3IcfUk,
user.000431,@user.000431:dv.techsmart.space,syt_dXNlci4wMDA0MzE_zkxBwrtfdpGyDDpsdysn_0xYlY1,
user.000432,@user.000432:dv.techsmart.space,syt_dXNlci4wMDA0MzI_ubMGJDKWFJWbZEYgujZs_3TM35Q,
user.000433,@user.000433:dv.techsmart.space,syt_dXNlci4wMDA0MzM_IKEVvyfZZdGbUVGnYuNJ_0cZTG2,
user.000434,@user.000434:dv.techsmart.space,syt_dXNlci4wMDA0MzQ_iQwoqQAhbvApAvKQatwV_1qMvlm,
user.000435,@user.000435:dv.techsmart.space,syt_dXNlci4wMDA0MzU_LPJgPkDRYjbhdRNjiSAd_3tT3Zq,
user.000436,@user.000436:dv.techsmart.space,syt_dXNlci4wMDA0MzY_bcNJlzOBujmQEJlAZZfi_2ETRbc,
user.000437,@user.000437:dv.techsmart.space,syt_dXNlci4wMDA0Mzc_tsblVajWBUhJANHdzjud_1ndVW3,
user.000438,@user.000438:dv.techsmart.space,syt_dXNlci4wMDA0Mzg_JzVbSiDajjnPKONFJaqE_0u4dVD,
user.000439,@user.000439:dv.techsmart.space,syt_dXNlci4wMDA0Mzk_ySjpmnhqxONtFgHrakEf_3l4lmB,
user.000440,@user.000440:dv.techsmart.space,syt_dXNlci4wMDA0NDA_QyYRCCnmEpXhmnbEiNWx_48zvb0,
user.000441,@user.000441:dv.techsmart.space,syt_dXNlci4wMDA0NDE_YIeimBwMEXAuIHZophAn_4QLtSY,
user.000442,@user.000442:dv.techsmart.space,syt_dXNlci4wMDA0NDI_YtoYwgulIRzOeXjmkfeR_0wc2ia,
user.000443,@user.000443:dv.techsmart.space,syt_dXNlci4wMDA0NDM_ZwpeHKWQAJMHqYmTGJKe_3Gq3rJ,
user.000444,@user.000444:dv.techsmart.space,syt_dXNlci4wMDA0NDQ_xQvRVLbSblCpIzOfQbcT_1zRb5Q,
user.000445,@user.000445:dv.techsmart.space,syt_dXNlci4wMDA0NDU_aVnKYLzgcIdBXTPlUKvd_3mXLl9,
user.000446,@user.000446:dv.techsmart.space,syt_dXNlci4wMDA0NDY_oCKVtrnSjuMkNvmXSzEt_47TM21,
user.000447,@user.000447:dv.techsmart.space,syt_dXNlci4wMDA0NDc_tOEOnqyfmxdooZDIeBgc_3zeedL,
user.000448,@user.000448:dv.techsmart.space,syt_dXNlci4wMDA0NDg_IjMMmmtCavCTevAOlJpC_2IThlb,
user.000449,@user.000449:dv.techsmart.space,syt_dXNlci4wMDA0NDk_AgjmKNvzEVgvCpoVpEpp_3hJdc9,
user.000450,@user.000450:dv.techsmart.space,syt_dXNlci4wMDA0NTA_EahEahBryhIkKSKsPsfF_4BuyY8,
user.000451,@user.000451:dv.techsmart.space,syt_dXNlci4wMDA0NTE_ZZcZQDaDhMaYbFcFZjfz_2PCPhn,
user.000452,@user.000452:dv.techsmart.space,syt_dXNlci4wMDA0NTI_YHTJMzpdjTIiehCGBOVU_11wQWI,
user.000453,@user.000453:dv.techsmart.space,syt_dXNlci4wMDA0NTM_HnJIXWaYxmZzVgIHIOnZ_0AiSyy,
user.000454,@user.000454:dv.techsmart.space,syt_dXNlci4wMDA0NTQ_OvLLrYnaSNniaDxigdyT_0QoRVa,
user.000455,@user.000455:dv.techsmart.space,syt_dXNlci4wMDA0NTU_ofwdxvvtrJhqWXJHLOZO_3xf8sh,
user.000456,@user.000456:dv.techsmart.space,syt_dXNlci4wMDA0NTY_WaHkKlZnVLGRWOJXcdsm_357FDb,
user.000457,@user.000457:dv.techsmart.space,syt_dXNlci4wMDA0NTc_cGYLEUTmrYRQUHcKMhVY_0G5vdl,
user.000458,@user.000458:dv.techsmart.space,syt_dXNlci4wMDA0NTg_uccEmjqJWsgMxpBRtKjf_2Unrd9,
user.000459,@user.000459:dv.techsmart.space,syt_dXNlci4wMDA0NTk_wzwdWnkFyOqkaDMnQWEh_2gSqll,
user.000460,@user.000460:dv.techsmart.space,syt_dXNlci4wMDA0NjA_rxmkHKQbxmxSEqUGOXeF_1rL06e,
user.000461,@user.000461:dv.techsmart.space,syt_dXNlci4wMDA0NjE_PnNJxtUEJwaUcwbSGsSe_3pRZab,
user.000462,@user.000462:dv.techsmart.space,syt_dXNlci4wMDA0NjI_GLUpEnBtCexYynjvrMVm_2Y0k2t,
user.000463,@user.000463:dv.techsmart.space,syt_dXNlci4wMDA0NjM_QXdLuLGaEKSmOafvUnQG_0n7NDn,
user.000464,@user.000464:dv.techsmart.space,syt_dXNlci4wMDA0NjQ_eyZtUXBapccYMnKOzaAy_3PhpMv,
user.000465,@user.000465:dv.techsmart.space,syt_dXNlci4wMDA0NjU_WGVsvhEeCTLLmQBjAYVI_2MmvkH,
user.000466,@user.000466:dv.techsmart.space,syt_dXNlci4wMDA0NjY_DIbzvGUblufPYayGJCqF_0oB13r,
user.000467,@user.000467:dv.techsmart.space,syt_dXNlci4wMDA0Njc_TWDKSAEstrAPzSbFPvpH_0bbhcB,
user.000468,@user.000468:dv.techsmart.space,syt_dXNlci4wMDA0Njg_cdRoGWCgQctUDNqVSToK_23xRT3,
user.000469,@user.000469:dv.techsmart.space,syt_dXNlci4wMDA0Njk_ldhFUEZDICwjculnBaOw_0Xd6VQ,
user.000470,@user.000470:dv.techsmart.space,syt_dXNlci4wMDA0NzA_LTrHHDUnGiMIWiGxwKDn_3eKPTP,
user.000471,@user.000471:dv.techsmart.space,syt_dXNlci4wMDA0NzE_RrKnVxpjteMfNZeQgHxw_0Ijwz7,
user.000472,@user.000472:dv.techsmart.space,syt_dXNlci4wMDA0NzI_oNuJPTfLRJMVbpocTKgi_4KcCkm,
user.000473,@user.000473:dv.techsmart.space,syt_dXNlci4wMDA0NzM_pRJAIYZVTSVQrJZbvNsD_3xrKAj,
user.000474,@user.000474:dv.techsmart.space,syt_dXNlci4wMDA0NzQ_SJXUtjYdbMnYdSIMVJRI_1ajEPC,
user.000475,@user.000475:dv.techsmart.space,syt_dXNlci4wMDA0NzU_LrePLXWGPcjxMDtcczhF_2oc9S1,
user.000476,@user.000476:dv.techsmart.space,syt_dXNlci4wMDA0NzY_xJgUIVlrqoKCRJdCLbCw_0M7fmJ,
user.000477,@user.000477:dv.techsmart.space,syt_dXNlci4wMDA0Nzc_tKTZpayBNFeORMsXtwbr_1Wsd6U,
user.000478,@user.000478:dv.techsmart.space,syt_dXNlci4wMDA0Nzg_muHmDwBVfglRGBQmidvB_4A4pol,
user.000479,@user.000479:dv.techsmart.space,syt_dXNlci4wMDA0Nzk_bmpLrHKAjGShxqemxxwf_3sFw1h,
user.000480,@user.000480:dv.techsmart.space,syt_dXNlci4wMDA0ODA_izebfaSObIptJWtyuxCR_4Id2bm,
user.000481,@user.000481:dv.techsmart.space,syt_dXNlci4wMDA0ODE_gELWmiLdmMgkOSHJxpua_3waZ6I,
user.000482,@user.000482:dv.techsmart.space,syt_dXNlci4wMDA0ODI_VpeINyIIksWEIAPnCGfA_1dN7j6,
user.000483,@user.000483:dv.techsmart.space,syt_dXNlci4wMDA0ODM_DYTtRjZpbdEZlQFCZvoM_1RZkfX,
user.000484,@user.000484:dv.techsmart.space,syt_dXNlci4wMDA0ODQ_YnLeYmZHzCGzVURteoYA_20SNbT,
user.000485,@user.000485:dv.techsmart.space,syt_dXNlci4wMDA0ODU_JVotohWDGgiOpWcFkBPx_3GbOjl,
user.000486,@user.000486:dv.techsmart.space,syt_dXNlci4wMDA0ODY_HLwqlXwxuyByuvrjwXtm_0ZUIe2,
user.000487,@user.000487:dv.techsmart.space,syt_dXNlci4wMDA0ODc_osXMofpngRUPXxdPdIEt_06QaqH,
user.000488,@user.000488:dv.techsmart.space,syt_dXNlci4wMDA0ODg_QdihCOMaegwKvOuIJfzP_0wcoGG,
user.000489,@user.000489:dv.techsmart.space,syt_dXNlci4wMDA0ODk_iwmJJpHSoBTsokxMzheT_1g7zB1,
user.000490,@user.000490:dv.techsmart.space,syt_dXNlci4wMDA0OTA_TaRIPyHIsljZSoDPOikv_2JmKdG,
user.000491,@user.000491:dv.techsmart.space,syt_dXNlci4wMDA0OTE_GmCgilUMNlllLWsPZmOC_1XHA4P,
user.000492,@user.000492:dv.techsmart.space,syt_dXNlci4wMDA0OTI_BpDxDUyFvHyEOAGbqVFv_4PHHHq,
user.000493,@user.000493:dv.techsmart.space,syt_dXNlci4wMDA0OTM_AMHmfDIyikjnMcjapNnW_4FvCuM,
user.000494,@user.000494:dv.techsmart.space,syt_dXNlci4wMDA0OTQ_lDReVGZVXxuBEoOEYith_4ZkdMq,
user.000495,@user.000495:dv.techsmart.space,syt_dXNlci4wMDA0OTU_tYeARvfwhLtBHPQkiRFn_1BPRvw,
user.000496,@user.000496:dv.techsmart.space,syt_dXNlci4wMDA0OTY_aqWopirqHrRTxbzxOoCK_2lbb8k,
user.000497,@user.000497:dv.techsmart.space,syt_dXNlci4wMDA0OTc_mULVfQKmdBeGUahTzTkJ_42vrQv,
user.000498,@user.000498:dv.techsmart.space,syt_dXNlci4wMDA0OTg_PriRtQJzcPujZwjXGSqf_1cnRzC,
user.000499,@user.000499:dv.techsmart.space,syt_dXNlci4wMDA0OTk_SwqfrBZeiVBShGaeBBCj_0xaNCK,
user.000500,@user.000500:dv.techsmart.space,syt_dXNlci4wMDA1MDA_blbnKKzEzueOadVSedTT_4DuQaa,
user.000501,@user.000501:dv.techsmart.space,syt_dXNlci4wMDA1MDE_VOcKoglxkWXfEDMNwPWr_4XUizq,
user.000502,@user.000502:dv.techsmart.space,syt_dXNlci4wMDA1MDI_EOVawfbMMakgbkuDymKe_1LUOdm,
user.000503,@user.000503:dv.techsmart.space,syt_dXNlci4wMDA1MDM_LGEPFguSJwSIBZRGSjjg_0xmF1h,
user.000504,@user.000504:dv.techsmart.space,syt_dXNlci4wMDA1MDQ_aXOrmamPnqIljRJreAUd_1k7Rht,
user.000505,@user.000505:dv.techsmart.space,syt_dXNlci4wMDA1MDU_QjdvmBrcInoYTMCRimUG_0ucpuN,
user.000506,@user.000506:dv.techsmart.space,syt_dXNlci4wMDA1MDY_UVCWpfFOAOyKRRESLovx_4CBP7P,
user.000507,@user.000507:dv.techsmart.space,syt_dXNlci4wMDA1MDc_BBIHdMorRTyAWIJGoyoA_1uujB6,
user.000508,@user.000508:dv.techsmart.space,syt_dXNlci4wMDA1MDg_PhSiOfXBPEHPoKNfLMbt_1vw4Hx,
user.000509,@user.000509:dv.techsmart.space,syt_dXNlci4wMDA1MDk_YnbECWWmtXxsoGxLefAb_1ROcHq,
user.000510,@user.000510:dv.techsmart.space,syt_dXNlci4wMDA1MTA_ZkTCqPpyLDYtDNmjqxAT_25evt5,
user.000511,@user.000511:dv.techsmart.space,syt_dXNlci4wMDA1MTE_lMkLIaDEKLMovlKYPLDx_1ndLf7,
user.000512,@user.000512:dv.techsmart.space,syt_dXNlci4wMDA1MTI_GWXGDtJXuxqEaXAEqSyc_1wwJ0y,
user.000513,@user.000513:dv.techsmart.space,syt_dXNlci4wMDA1MTM_nXmpgRdgeZsyqsfYuJAI_4JZv8J,
user.000514,@user.000514:dv.techsmart.space,syt_dXNlci4wMDA1MTQ_fWNkhoYtMBayVfTwEIAq_3c8Wd3,
user.000515,@user.000515:dv.techsmart.space,syt_dXNlci4wMDA1MTU_wwxKwHZrFwsUcWjBidqo_3iJzDE,
user.000516,@user.000516:dv.techsmart.space,syt_dXNlci4wMDA1MTY_INvhHRfxNrlGczolsNCe_00uYSa,
user.000517,@user.000517:dv.techsmart.space,syt_dXNlci4wMDA1MTc_ZegiZFGWQmophZRNLhuQ_0RD0vk,
user.000518,@user.000518:dv.techsmart.space,syt_dXNlci4wMDA1MTg_gBDtdTuNJhzDQqYQuKaY_1xx2ml,
user.000519,@user.000519:dv.techsmart.space,syt_dXNlci4wMDA1MTk_WNlcAQqQUQlaTUebvXlV_17HiIh,
user.000520,@user.000520:dv.techsmart.space,syt_dXNlci4wMDA1MjA_dvwjmAfMrPpkPQZpCRVr_2U7738,
user.000521,@user.000521:dv.techsmart.space,syt_dXNlci4wMDA1MjE_NrLsZJuCOCmqhgSwYXFO_3ix38M,
user.000522,@user.000522:dv.techsmart.space,syt_dXNlci4wMDA1MjI_TEYrbhdLCdpzYNygXHJz_30ke4e,
user.000523,@user.000523:dv.techsmart.space,syt_dXNlci4wMDA1MjM_auBheKDUpSfBMglcjmyJ_0aHm76,
user.000524,@user.000524:dv.techsmart.space,syt_dXNlci4wMDA1MjQ_SbinOvxUQqnQASpVFZVH_2jxncg,
user.000525,@user.000525:dv.techsmart.space,syt_dXNlci4wMDA1MjU_lLdjWVbZKxMdFbcsHgnf_0cOsDq,
user.000526,@user.000526:dv.techsmart.space,syt_dXNlci4wMDA1MjY_ayHQYDHLCmnuIaqAYQnE_2yIeVa,
user.000527,@user.000527:dv.techsmart.space,syt_dXNlci4wMDA1Mjc_qrjqhQsYwjOwNZJNBQYz_0IOHud,
user.000528,@user.000528:dv.techsmart.space,syt_dXNlci4wMDA1Mjg_ZCVYnzilTSIpIzVpkTcB_32iGdm,
user.000529,@user.000529:dv.techsmart.space,syt_dXNlci4wMDA1Mjk_CpiPGGEhBBwINiMdvqBk_2Jbq2J,
user.000530,@user.000530:dv.techsmart.space,syt_dXNlci4wMDA1MzA_otvlBbsWEDhbOldqaTJS_3gtcuU,
user.000531,@user.000531:dv.techsmart.space,syt_dXNlci4wMDA1MzE_jzPrqqsRFAqYNaSTKsBc_22zPBG,
user.000532,@user.000532:dv.techsmart.space,syt_dXNlci4wMDA1MzI_HRVFMRozTafyvkoxrWao_4aRwEY,
user.000533,@user.000533:dv.techsmart.space,syt_dXNlci4wMDA1MzM_mXDUAbyxceiIWFdKCvOM_34EcLo,
user.000534,@user.000534:dv.techsmart.space,syt_dXNlci4wMDA1MzQ_JKHinwYiSAbwCKRehMtT_1YCwK6,
user.000535,@user.000535:dv.techsmart.space,syt_dXNlci4wMDA1MzU_RxpZxjOBgGgWSUvFhUkN_3YNav5,
user.000536,@user.000536:dv.techsmart.space,syt_dXNlci4wMDA1MzY_NmXLPIYbXuXgeIUunqbT_00n4Vg,
user.000537,@user.000537:dv.techsmart.space,syt_dXNlci4wMDA1Mzc_iyrgBeWWKcITOnOmdXmK_18WtHA,
user.000538,@user.000538:dv.techsmart.space,syt_dXNlci4wMDA1Mzg_TAkvpdeHLWrxQWFKOnaH_06Ucjn,
user.000539,@user.000539:dv.techsmart.space,syt_dXNlci4wMDA1Mzk_HhSxYVMngVeZaiNikZUV_4Jc3HT,
user.000540,@user.000540:dv.techsmart.space,syt_dXNlci4wMDA1NDA_zhHRfSktuLeFdLMxcSQD_4fbEw9,
user.000541,@user.000541:dv.techsmart.space,syt_dXNlci4wMDA1NDE_MNCkqxkqHHdxCwPENici_36WTVB,
user.000542,@user.000542:dv.techsmart.space,syt_dXNlci4wMDA1NDI_kJQUJzxnHodPBszvKQfY_1MNOS7,
user.000543,@user.000543:dv.techsmart.space,syt_dXNlci4wMDA1NDM_USvqmUIgNerXVtKFYTUg_1cFolT,
user.000544,@user.000544:dv.techsmart.space,syt_dXNlci4wMDA1NDQ_spywAafhxBUprnXEKGLW_4QK0g7,
user.000545,@user.000545:dv.techsmart.space,syt_dXNlci4wMDA1NDU_izOqkckEFNCcoFDPFLtV_30Zty1,
user.000546,@user.000546:dv.techsmart.space,syt_dXNlci4wMDA1NDY_idhOXxJnLGAmKixUTjAR_2S7Ljl,
user.000547,@user.000547:dv.techsmart.space,syt_dXNlci4wMDA1NDc_hZSsHwMKqDPAhurQjNnQ_0xKqZu,
user.000548,@user.000548:dv.techsmart.space,syt_dXNlci4wMDA1NDg_ypKZAwNlFlTuyImymeTA_3bQzve,
user.000549,@user.000549:dv.techsmart.space,syt_dXNlci4wMDA1NDk_HRYtRuYZbyZAZPfMWqXe_20DoGf,
user.000550,@user.000550:dv.techsmart.space,syt_dXNlci4wMDA1NTA_mrOUTurHUhpndrllybQo_0RKrru,
user.000551,@user.000551:dv.techsmart.space,syt_dXNlci4wMDA1NTE_mMwGtWyXoSWccyIMdbPM_18Fm1f,
user.000552,@user.000552:dv.techsmart.space,syt_dXNlci4wMDA1NTI_dkDBOhLUlpoOflBLnsRH_3WGO8I,
user.000553,@user.000553:dv.techsmart.space,syt_dXNlci4wMDA1NTM_AbGczhxIHHzsyjNZOYkO_1FOtWZ,
user.000554,@user.000554:dv.techsmart.space,syt_dXNlci4wMDA1NTQ_DoqcOenWteIDrUGBNlNG_1WrbNq,
user.000555,@user.000555:dv.techsmart.space,syt_dXNlci4wMDA1NTU_ZhuHypFcZJYFeZFcdmFx_0lwK5y,
user.000556,@user.000556:dv.techsmart.space,syt_dXNlci4wMDA1NTY_gXyNriJLDIKaDJYCptpc_3jtfDn,
user.000557,@user.000557:dv.techsmart.space,syt_dXNlci4wMDA1NTc_QgihDkDGPWUDvUwAAILH_1fu5eH,
user.000558,@user.000558:dv.techsmart.space,syt_dXNlci4wMDA1NTg_pauDFRYssLSpdTkvCEyU_1Hat2J,
user.000559,@user.000559:dv.techsmart.space,syt_dXNlci4wMDA1NTk_iDfpMuXNNVnyCDThssJS_17UJr0,
user.000560,@user.000560:dv.techsmart.space,syt_dXNlci4wMDA1NjA_sVqLHVkdvkHDElTOxnGS_2eepj8,
user.000561,@user.000561:dv.techsmart.space,syt_dXNlci4wMDA1NjE_QPwOlfDLDslDfNSSileT_1RqIOP,
user.000562,@user.000562:dv.techsmart.space,syt_dXNlci4wMDA1NjI_KRJWvapJbEOqQZhVssMu_4X5hNt,
user.000563,@user.000563:dv.techsmart.space,syt_dXNlci4wMDA1NjM_oaRQFDvpOeyCFmnMGYaz_0f5FYu,
user.000564,@user.000564:dv.techsmart.space,syt_dXNlci4wMDA1NjQ_nRCbBSNxQzGwtWtZouzT_3Tmine,
user.000565,@user.000565:dv.techsmart.space,syt_dXNlci4wMDA1NjU_BYlGLUdZjhXvXbMhFKhj_2WpMxr,
user.000566,@user.000566:dv.techsmart.space,syt_dXNlci4wMDA1NjY_WDygfhOJRwLmgzqspazq_3pGfXa,
user.000567,@user.000567:dv.techsmart.space,syt_dXNlci4wMDA1Njc_bNccJMpWIzUGBcOLFNWl_02ANIE,
user.000568,@user.000568:dv.techsmart.space,syt_dXNlci4wMDA1Njg_MEVAfyvyAJcZtuzPANWo_0ZGtLR,
user.000569,@user.000569:dv.techsmart.space,syt_dXNlci4wMDA1Njk_lGfEHxhydtxvyiXUfiUd_2d6M5I,
user.000570,@user.000570:dv.techsmart.space,syt_dXNlci4wMDA1NzA_QAxwFOzgAQkrzEqMFtEB_0RV6vQ,
user.000571,@user.000571:dv.techsmart.space,syt_dXNlci4wMDA1NzE_idKMDpwSYmoaoVPFfqHY_0vdVp0,
user.000572,@user.000572:dv.techsmart.space,syt_dXNlci4wMDA1NzI_rhvyktsSQMGNSarjnChE_0zxe5d,
user.000573,@user.000573:dv.techsmart.space,syt_dXNlci4wMDA1NzM_kKGBTaJyAhSyVKqTyjBa_4N2NL6,
user.000574,@user.000574:dv.techsmart.space,syt_dXNlci4wMDA1NzQ_ZXgoLufcRiPIDrzTADKQ_12Krxu,
user.000575,@user.000575:dv.techsmart.space,syt_dXNlci4wMDA1NzU_mADUYsqnEBxvviETHrlF_3wYlEf,
user.000576,@user.000576:dv.techsmart.space,syt_dXNlci4wMDA1NzY_gvuYoCMMFfMBlzmywhyT_1ezxPu,
user.000577,@user.000577:dv.techsmart.space,syt_dXNlci4wMDA1Nzc_fDbdxoFZKHCvlzvxsgWM_4BlGPa,
user.000578,@user.000578:dv.techsmart.space,syt_dXNlci4wMDA1Nzg_FfCrnbvWJroDiRjXACer_1ywQJk,
user.000579,@user.000579:dv.techsmart.space,syt_dXNlci4wMDA1Nzk_zsiSHXpqCoVBKLhohsyR_2TGStm,
user.000580,@user.000580:dv.techsmart.space,syt_dXNlci4wMDA1ODA_thYApzfqphIujDzxnVyM_00Gxko,
user.000581,@user.000581:dv.techsmart.space,syt_dXNlci4wMDA1ODE_GfZMOhWISWvqGDLiUoZL_0dIz1G,
user.000582,@user.000582:dv.techsmart.space,syt_dXNlci4wMDA1ODI_BdyVIwnCixqrNlOgyWNQ_2kiMDg,
user.000583,@user.000583:dv.techsmart.space,syt_dXNlci4wMDA1ODM_PBfPoHehaqrgyEAwusOj_3XJR2k,
user.000584,@user.000584:dv.techsmart.space,syt_dXNlci4wMDA1ODQ_RSuaJPavKIwgxEebuKBu_0f4nUD,
user.000585,@user.000585:dv.techsmart.space,syt_dXNlci4wMDA1ODU_pouCWRWNpAvipChEqiei_0x05Pp,
user.000586,@user.000586:dv.techsmart.space,syt_dXNlci4wMDA1ODY_ovsBbmNEyZIPBpFqsmqK_1cOLoz,
user.000587,@user.000587:dv.techsmart.space,syt_dXNlci4wMDA1ODc_QShVSLxTtHJgcMTcotAr_0YN2Xq,
user.000588,@user.000588:dv.techsmart.space,syt_dXNlci4wMDA1ODg_UALDoHZSiaISjMUewdBe_4fQgYw,
user.000589,@user.000589:dv.techsmart.space,syt_dXNlci4wMDA1ODk_JKortuePYGUwMniZuzWX_0AZdmV,
user.000590,@user.000590:dv.techsmart.space,syt_dXNlci4wMDA1OTA_HKjXKNUWbEGcAHtewGcm_2IOYu2,
user.000591,@user.000591:dv.techsmart.space,syt_dXNlci4wMDA1OTE_hqGxOmzhBhhDsQuHKbvs_2SRv7R,
user.000592,@user.000592:dv.techsmart.space,syt_dXNlci4wMDA1OTI_iauqfgKjxXgHYGxwBqxg_0oyvj2,
user.000593,@user.000593:dv.techsmart.space,syt_dXNlci4wMDA1OTM_PbYQokbzqFYizpfjRKjj_3MSZss,
user.000594,@user.000594:dv.techsmart.space,syt_dXNlci4wMDA1OTQ_MNJsVPCFTxcfeLZMGLNj_32QCY0,
user.000595,@user.000595:dv.techsmart.space,syt_dXNlci4wMDA1OTU_ePWeCyIZitAmsHFRDfnR_024Tgf,
user.000596,@user.000596:dv.techsmart.space,syt_dXNlci4wMDA1OTY_CPXrvkiHDchzTAlCVOzo_2oRdd0,
user.000597,@user.000597:dv.techsmart.space,syt_dXNlci4wMDA1OTc_vHSVCzmKagkQsfmmiliY_17qg9p,
user.000598,@user.000598:dv.techsmart.space,syt_dXNlci4wMDA1OTg_iAiOfdMZwstWwqAabGHB_2FNKdu,
user.000599,@user.000599:dv.techsmart.space,syt_dXNlci4wMDA1OTk_UgKgPUqUyWjarIsaBoZw_28yPAi,
user.000600,@user.000600:dv.techsmart.space,syt_dXNlci4wMDA2MDA_DwpWgjoutgtUTORrgxbu_0IrZjj,
user.000601,@user.000601:dv.techsmart.space,syt_dXNlci4wMDA2MDE_vWLkbldnWqPmQFSKyegM_1ydx4e,
user.000602,@user.000602:dv.techsmart.space,syt_dXNlci4wMDA2MDI_KZhedfajdlrGCwpwfaDw_20tNpY,
user.000603,@user.000603:dv.techsmart.space,syt_dXNlci4wMDA2MDM_IwNDzzUpyYBxmiroPckQ_1vif0P,
user.000604,@user.000604:dv.techsmart.space,syt_dXNlci4wMDA2MDQ_wMBJOMEBZqmCYkIYutGI_17HuMk,
user.000605,@user.000605:dv.techsmart.space,syt_dXNlci4wMDA2MDU_WrNcXAydulOQfMpdeXjc_1G3fS6,
user.000606,@user.000606:dv.techsmart.space,syt_dXNlci4wMDA2MDY_gjyYiODMqbAbrgQOAoit_1YXo4a,
user.000607,@user.000607:dv.techsmart.space,syt_dXNlci4wMDA2MDc_yuJpgVjxaTxDzfeIdlXA_1flxEq,
user.000608,@user.000608:dv.techsmart.space,syt_dXNlci4wMDA2MDg_CRRjZUlGEjJztPiMzczG_36pHCz,
user.000609,@user.000609:dv.techsmart.space,syt_dXNlci4wMDA2MDk_KgMQemPEfpSlJCwzljEM_0TkzGo,
user.000610,@user.000610:dv.techsmart.space,syt_dXNlci4wMDA2MTA_BErLMSmdFSGlwSQLWqSW_1lAHHl,
user.000611,@user.000611:dv.techsmart.space,syt_dXNlci4wMDA2MTE_sQKKFtKoZBKmaLXVLDYm_3THlU5,
user.000612,@user.000612:dv.techsmart.space,syt_dXNlci4wMDA2MTI_KaJUZVkXJMkVHQYHzCWt_3et9ML,
user.000613,@user.000613:dv.techsmart.space,syt_dXNlci4wMDA2MTM_LuhodVdwrSUYvfUXTmLE_4EJAar,
user.000614,@user.000614:dv.techsmart.space,syt_dXNlci4wMDA2MTQ_BMLUynQDbqWeFjBrqXER_2Qfa2Y,
user.000615,@user.000615:dv.techsmart.space,syt_dXNlci4wMDA2MTU_JusIAoXbgtVVxDNanZzg_3HN6wl,
user.000616,@user.000616:dv.techsmart.space,syt_dXNlci4wMDA2MTY_YSwrUupCNqErTQEJsSAS_3JATpX,
user.000617,@user.000617:dv.techsmart.space,syt_dXNlci4wMDA2MTc_TcTJPqLBofNoOqWxLhOv_3iAqkc,
user.000618,@user.000618:dv.techsmart.space,syt_dXNlci4wMDA2MTg_OEzXYipRgncaSksxbUcd_08ls2d,
user.000619,@user.000619:dv.techsmart.space,syt_dXNlci4wMDA2MTk_OHPezaXHXOpqgkBSYOcp_0h1Fi9,
user.000620,@user.000620:dv.techsmart.space,syt_dXNlci4wMDA2MjA_LlKINUUIsCnHXJVNxMuZ_4Budfj,
user.000621,@user.000621:dv.techsmart.space,syt_dXNlci4wMDA2MjE_WIUwGTpEjJvUuwklxKLg_4S2Fxl,
user.000622,@user.000622:dv.techsmart.space,syt_dXNlci4wMDA2MjI_WDHxAzDemYMlaiVjaqvm_1r3YUh,
user.000623,@user.000623:dv.techsmart.space,syt_dXNlci4wMDA2MjM_GKWJONObOjLmxEFTXOXA_37o7jJ,
user.000624,@user.000624:dv.techsmart.space,syt_dXNlci4wMDA2MjQ_mhQlNpNlIGzMYmtzzlfj_0iu4Bx,
user.000625,@user.000625:dv.techsmart.space,syt_dXNlci4wMDA2MjU_VZJDXvkAXvyjjwWxbffq_2fT5zW,
user.000626,@user.000626:dv.techsmart.space,syt_dXNlci4wMDA2MjY_YEsXHoBbpOsFxIEuGhlH_2taYaU,
user.000627,@user.000627:dv.techsmart.space,syt_dXNlci4wMDA2Mjc_fgwBokWfSMYHlLGbQfwM_30GZOj,
user.000628,@user.000628:dv.techsmart.space,syt_dXNlci4wMDA2Mjg_ezxEPVeNbYxYxFdJUIrh_1rJYPM,
user.000629,@user.000629:dv.techsmart.space,syt_dXNlci4wMDA2Mjk_CMRWQoZxgxqGuTGSiDOQ_4BPuu2,
user.000630,@user.000630:dv.techsmart.space,syt_dXNlci4wMDA2MzA_HTwrgvDnCajjDhiYYVTk_4cajKq,
user.000631,@user.000631:dv.techsmart.space,syt_dXNlci4wMDA2MzE_ZlBdWMsZjXgFgNaFdclD_28uzOo,
user.000632,@user.000632:dv.techsmart.space,syt_dXNlci4wMDA2MzI_pvbdXpLPbNcguxfzeHUi_00YRlA,
user.000633,@user.000633:dv.techsmart.space,syt_dXNlci4wMDA2MzM_DtrvoqmrCWykVlReDLhQ_04RpKz,
user.000634,@user.000634:dv.techsmart.space,syt_dXNlci4wMDA2MzQ_uKiwQJGZlHccRwyZiFpU_20tkir,
user.000635,@user.000635:dv.techsmart.space,syt_dXNlci4wMDA2MzU_cyrtsWKYuutBeFoARnmm_2cTxX2,
user.000636,@user.000636:dv.techsmart.space,syt_dXNlci4wMDA2MzY_azeoRmOdFDHXBqgqVvAg_27eli9,
user.000637,@user.000637:dv.techsmart.space,syt_dXNlci4wMDA2Mzc_ZTTxEAojkXIMGyWGLYAc_2PvvmK,
user.000638,@user.000638:dv.techsmart.space,syt_dXNlci4wMDA2Mzg_fyfeEjCakKYgpnEsVOFM_1CQAG8,
user.000639,@user.000639:dv.techsmart.space,syt_dXNlci4wMDA2Mzk_RQRRoOLDNeaCtUAjDtLU_4LE3d6,
user.000640,@user.000640:dv.techsmart.space,syt_dXNlci4wMDA2NDA_cKOkFPmMBTwtTicYHAqn_12O77M,
user.000641,@user.000641:dv.techsmart.space,syt_dXNlci4wMDA2NDE_KDBUGUoiziyUNcSxsOnE_2zhKMp,
user.000642,@user.000642:dv.techsmart.space,syt_dXNlci4wMDA2NDI_dfxEtIYTaJbJlOgFnUJw_3NUMuj,
user.000643,@user.000643:dv.techsmart.space,syt_dXNlci4wMDA2NDM_AqNrqxBBFQdFPzyIYTNt_3qSHPT,
user.000644,@user.000644:dv.techsmart.space,syt_dXNlci4wMDA2NDQ_EzVsPQwIxGAYxSUVYUDr_4024tb,
user.000645,@user.000645:dv.techsmart.space,syt_dXNlci4wMDA2NDU_sADVyhargxpHBFGzWrHe_4XqHrb,
user.000646,@user.000646:dv.techsmart.space,syt_dXNlci4wMDA2NDY_ysZVXRPIXmPCDozDTWFV_3QnmxO,
user.000647,@user.000647:dv.techsmart.space,syt_dXNlci4wMDA2NDc_ChQMlWHksTvkJOYCzAkd_3macrx,
user.000648,@user.000648:dv.techsmart.space,syt_dXNlci4wMDA2NDg_bzTtxHKdXSNPONbjixnW_1AAt9D,
user.000649,@user.000649:dv.techsmart.space,syt_dXNlci4wMDA2NDk_OqsUZctjXmppMiFhreNb_2CrQU9,
user.000650,@user.000650:dv.techsmart.space,syt_dXNlci4wMDA2NTA_VrevAGMwEFbhRyoAqFTV_1gUv3Z,
user.000651,@user.000651:dv.techsmart.space,syt_dXNlci4wMDA2NTE_hVnxFfgAlWvilItGyWfI_1V68ju,
user.000652,@user.000652:dv.techsmart.space,syt_dXNlci4wMDA2NTI_PPEraEttDnginuqnYSsa_19JrgI,
user.000653,@user.000653:dv.techsmart.space,syt_dXNlci4wMDA2NTM_mIczRVIYWfRyMYRqZquP_48w2Aq,
user.000654,@user.000654:dv.techsmart.space,syt_dXNlci4wMDA2NTQ_uswkhSypvGKDMxSEBUAG_0dqiuf,
user.000655,@user.000655:dv.techsmart.space,syt_dXNlci4wMDA2NTU_iHEXCmDNXDodwYGkGhPK_0xYuF6,
user.000656,@user.000656:dv.techsmart.space,syt_dXNlci4wMDA2NTY_ZfhmtjgJkYVOyytbxvuE_3clKyY,
user.000657,@user.000657:dv.techsmart.space,syt_dXNlci4wMDA2NTc_QeuvrcxiEopkwZzeAUBA_1vUg1S,
user.000658,@user.000658:dv.techsmart.space,syt_dXNlci4wMDA2NTg_EQwDqSyzQFjklyGNCCsq_2vM0lx,
user.000659,@user.000659:dv.techsmart.space,syt_dXNlci4wMDA2NTk_vppTIXknbHXOONHfFVgb_2n4qFk,
user.000660,@user.000660:dv.techsmart.space,syt_dXNlci4wMDA2NjA_enUQLeHRZAtOrvTJfkaX_1klgx1,
user.000661,@user.000661:dv.techsmart.space,syt_dXNlci4wMDA2NjE_UduSOsacVOZNGTXYptqj_3nq6j8,
user.000662,@user.000662:dv.techsmart.space,syt_dXNlci4wMDA2NjI_slYQYcvjvIHUYPxnKcOT_2mU1t4,
user.000663,@user.000663:dv.techsmart.space,syt_dXNlci4wMDA2NjM_ZSNfQPlpCzMMazLQnaND_3W8om4,
user.000664,@user.000664:dv.techsmart.space,syt_dXNlci4wMDA2NjQ_BtthoqBtxvoupJcahbrU_1fPKMO,
user.000665,@user.000665:dv.techsmart.space,syt_dXNlci4wMDA2NjU_ynMSuKJXrVNcjcuyhLpD_1R1Vrl,
user.000666,@user.000666:dv.techsmart.space,syt_dXNlci4wMDA2NjY_HJyqYicRgcYJbfoVDEFh_35NA2Y,
user.000667,@user.000667:dv.techsmart.space,syt_dXNlci4wMDA2Njc_AZRHorXwGIKiQJShXCCo_0AD9iV,
user.000668,@user.000668:dv.techsmart.space,syt_dXNlci4wMDA2Njg_LZMUanTrtgeeYIVqbRIZ_3xK8f0,
user.000669,@user.000669:dv.techsmart.space,syt_dXNlci4wMDA2Njk_uIFsgzkCQWIiRKqXNjic_1OZ7iv,
user.000670,@user.000670:dv.techsmart.space,syt_dXNlci4wMDA2NzA_FVCRQfZFUwRbptcufbct_3hwrYY,
user.000671,@user.000671:dv.techsmart.space,syt_dXNlci4wMDA2NzE_kqyqgSDyeOWUSIqBgWPq_1Po92x,
user.000672,@user.000672:dv.techsmart.space,syt_dXNlci4wMDA2NzI_fmHUbxOQupTDNOdvqSZc_3OlAlk,
user.000673,@user.000673:dv.techsmart.space,syt_dXNlci4wMDA2NzM_wencrzetkKCjfiYllLna_3m0tUD,
user.000674,@user.000674:dv.techsmart.space,syt_dXNlci4wMDA2NzQ_aKPTyaefkUdFbDLtmbPB_1HXxiK,
user.000675,@user.000675:dv.techsmart.space,syt_dXNlci4wMDA2NzU_GyBnpgHWaZSwxmdSsFFy_2IdwMo,
user.000676,@user.000676:dv.techsmart.space,syt_dXNlci4wMDA2NzY_BwaAMUulVEOqDvJkodou_2H2Qkp,
user.000677,@user.000677:dv.techsmart.space,syt_dXNlci4wMDA2Nzc_KpIBQtPgplcrwusdzYBY_0V0BwW,
user.000678,@user.000678:dv.techsmart.space,syt_dXNlci4wMDA2Nzg_btMfyuHYTnCrdNKdJhUb_3GBNox,
user.000679,@user.000679:dv.techsmart.space,syt_dXNlci4wMDA2Nzk_RYzCeBuPDgFylwcAWLhR_3MAAGH,
user.000680,@user.000680:dv.techsmart.space,syt_dXNlci4wMDA2ODA_PyYkoVIlwWonBsEqahIs_00ufBS,
user.000681,@user.000681:dv.techsmart.space,syt_dXNlci4wMDA2ODE_HLzAaFjVKUNWLsYjlpsB_46r89i,
user.000682,@user.000682:dv.techsmart.space,syt_dXNlci4wMDA2ODI_CULrdorsoiqahcrIhsow_303kbq,
user.000683,@user.000683:dv.techsmart.space,syt_dXNlci4wMDA2ODM_OpelJIUoWuxqZktAtjiW_1PHchG,
user.000684,@user.000684:dv.techsmart.space,syt_dXNlci4wMDA2ODQ_YqRZNOAtrWXVkZViPpaT_0293lf,
user.000685,@user.000685:dv.techsmart.space,syt_dXNlci4wMDA2ODU_EXfUsaoGQgrMkdYGCLOw_2W6G3q,
user.000686,@user.000686:dv.techsmart.space,syt_dXNlci4wMDA2ODY_KGnFmiPydcfYkEIzpGOz_19mwpt,
user.000687,@user.000687:dv.techsmart.space,syt_dXNlci4wMDA2ODc_vvHZnxBjvaXoelFIgXNW_47wU3L,
user.000688,@user.000688:dv.techsmart.space,syt_dXNlci4wMDA2ODg_coXTDdnnxAbNpQvoAYDs_1msCNj,
user.000689,@user.000689:dv.techsmart.space,syt_dXNlci4wMDA2ODk_jEQnxtPyLXMQGPotaOdA_2ukrFc,
user.000690,@user.000690:dv.techsmart.space,syt_dXNlci4wMDA2OTA_oMOQSlgZmENxdxijpDDe_2N27z3,
user.000691,@user.000691:dv.techsmart.space,syt_dXNlci4wMDA2OTE_GSUxkhuHcqnLMHihMjtG_3KpIFT,
user.000692,@user.000692:dv.techsmart.space,syt_dXNlci4wMDA2OTI_IkYsDeIcoUUmwqhoWXUz_3cHSRu,
user.000693,@user.000693:dv.techsmart.space,syt_dXNlci4wMDA2OTM_jxFUdZVsPOUGDkSKtQDz_2U5VJv,
user.000694,@user.000694:dv.techsmart.space,syt_dXNlci4wMDA2OTQ_ueufJsZrlHmWQMmsWNSU_20Z1DP,
user.000695,@user.000695:dv.techsmart.space,syt_dXNlci4wMDA2OTU_OnWNzIYGrkaZXlJoAqSR_2SVqKz,
user.000696,@user.000696:dv.techsmart.space,syt_dXNlci4wMDA2OTY_NpgtPPIAEOeqSZbIxWvR_40kYQW,
user.000697,@user.000697:dv.techsmart.space,syt_dXNlci4wMDA2OTc_xVAQWJhupuTHivAIMgjN_33f6wf,
user.000698,@user.000698:dv.techsmart.space,syt_dXNlci4wMDA2OTg_vcqnlJqtZggQBvaxBlmy_3WG2Le,
user.000699,@user.000699:dv.techsmart.space,syt_dXNlci4wMDA2OTk_ckvwlpTmLfBUobKhfQrK_1Hwe5l,
user.000700,@user.000700:dv.techsmart.space,syt_dXNlci4wMDA3MDA_jrfqOogncxLFeSvJdJQf_0WrRNw,
user.000701,@user.000701:dv.techsmart.space,syt_dXNlci4wMDA3MDE_wsafldPpXUPsuvAjfrgQ_2cFePk,
user.000702,@user.000702:dv.techsmart.space,syt_dXNlci4wMDA3MDI_WtSYSdLmOdymSNdyfkHL_2O5rsl,
user.000703,@user.000703:dv.techsmart.space,syt_dXNlci4wMDA3MDM_SdbPdCjMmWMbHMsvFVqo_3EI5LL,
user.000704,@user.000704:dv.techsmart.space,syt_dXNlci4wMDA3MDQ_rJvourLWvaGZHDtjjaaD_1VIN81,
user.000705,@user.000705:dv.techsmart.space,syt_dXNlci4wMDA3MDU_CWpgxkUUvKCGGoUkpbJa_0VlslD,
user.000706,@user.000706:dv.techsmart.space,syt_dXNlci4wMDA3MDY_KUmiFfPvULgZcSuCfCpc_0LLKgG,
user.000707,@user.000707:dv.techsmart.space,syt_dXNlci4wMDA3MDc_OyLtyMyohXmRGlRFIaXM_1vrTxZ,
user.000708,@user.000708:dv.techsmart.space,syt_dXNlci4wMDA3MDg_sPwRIXZJrGRRGoPizPFw_3rSHaa,
user.000709,@user.000709:dv.techsmart.space,syt_dXNlci4wMDA3MDk_GhUiKoTICzupdWoqBzaN_1zPtMk,
user.000710,@user.000710:dv.techsmart.space,syt_dXNlci4wMDA3MTA_ULXDUEwGgMHFHamBvHxN_4LTmwx,
user.000711,@user.000711:dv.techsmart.space,syt_dXNlci4wMDA3MTE_lJJidrxdFLTQfaYrGmaR_4USS1x,
user.000712,@user.000712:dv.techsmart.space,syt_dXNlci4wMDA3MTI_siYJowyvHGzmIQoMZNOO_1N0Bwp,
user.000713,@user.000713:dv.techsmart.space,syt_dXNlci4wMDA3MTM_PvVORdrFMNfyCuyfxSLv_2mpfoh,
user.000714,@user.000714:dv.techsmart.space,syt_dXNlci4wMDA3MTQ_OWwkKqhefivqXgrKdEdo_1E5X1j,
user.000715,@user.000715:dv.techsmart.space,syt_dXNlci4wMDA3MTU_DAPHFFxVXsznylcQNccq_39FV3z,
user.000716,@user.000716:dv.techsmart.space,syt_dXNlci4wMDA3MTY_TkFmLCmjTHlTrXTjGoOZ_08raSe,
user.000717,@user.000717:dv.techsmart.space,syt_dXNlci4wMDA3MTc_YAtvDVYhkbiLEvYqYZwF_2TTWZI,
user.000718,@user.000718:dv.techsmart.space,syt_dXNlci4wMDA3MTg_yjfQQnBpOmVXVbhfuzVb_3mzdNn,
user.000719,@user.000719:dv.techsmart.space,syt_dXNlci4wMDA3MTk_YXOnXRBwxLdGpjEsvLDs_05eiKV,
user.000720,@user.000720:dv.techsmart.space,syt_dXNlci4wMDA3MjA_TKIRAdnAVyxivdRUkNzq_3sd3Zy,
user.000721,@user.000721:dv.techsmart.space,syt_dXNlci4wMDA3MjE_aOiuIwAIayntXgVwNwvd_2iESCt,
user.000722,@user.000722:dv.techsmart.space,syt_dXNlci4wMDA3MjI_PUfvwGKPMpRfxHAcOIsh_4Dke31,
user.000723,@user.000723:dv.techsmart.space,syt_dXNlci4wMDA3MjM_jXKymlGfpmgUsjKIqjpr_0f0rdI,
user.000724,@user.000724:dv.techsmart.space,syt_dXNlci4wMDA3MjQ_JZLPAxENHoOrJuVIZcDF_2CMnQl,
user.000725,@user.000725:dv.techsmart.space,syt_dXNlci4wMDA3MjU_ppWgIRLLwMkhVoFRTRvx_2nd8zF,
user.000726,@user.000726:dv.techsmart.space,syt_dXNlci4wMDA3MjY_mOmLkilTlmAHVigtzPQK_46lDuY,
user.000727,@user.000727:dv.techsmart.space,syt_dXNlci4wMDA3Mjc_aefqXHOmDXOnxQxIpwJz_0FzFIq,
user.000728,@user.000728:dv.techsmart.space,syt_dXNlci4wMDA3Mjg_pTwEjwRKmKeWJAIFgiGj_1pl2jy,
user.000729,@user.000729:dv.techsmart.space,syt_dXNlci4wMDA3Mjk_KwbNoJPBKwqzutwqKTKM_1WUc0Y,
user.000730,@user.000730:dv.techsmart.space,syt_dXNlci4wMDA3MzA_cXOLAAUXNleAmrzbQHfl_3E91K3,
user.000731,@user.000731:dv.techsmart.space,syt_dXNlci4wMDA3MzE_UatuTpPbgpkcdjJmAUjg_44vy7v,
user.000732,@user.000732:dv.techsmart.space,syt_dXNlci4wMDA3MzI_rZBOQSORjRHpwRoKspPl_0mRDMj,
user.000733,@user.000733:dv.techsmart.space,syt_dXNlci4wMDA3MzM_OLoFAFQoEGkbGhxqBtja_4cWXr1,
user.000734,@user.000734:dv.techsmart.space,syt_dXNlci4wMDA3MzQ_yxIwKBygMcmZmbUGhFRv_35Ar7w,
user.000735,@user.000735:dv.techsmart.space,syt_dXNlci4wMDA3MzU_YFlPMwdAvPnnPIQqyjHW_2oIwFL,
user.000736,@user.000736:dv.techsmart.space,syt_dXNlci4wMDA3MzY_GWsBrgLKNTfIzLsiNSeL_18uNqw,
user.000737,@user.000737:dv.techsmart.space,syt_dXNlci4wMDA3Mzc_ggApNaEkdfRescNDuGQC_1nj81t,
user.000738,@user.000738:dv.techsmart.space,syt_dXNlci4wMDA3Mzg_hoPVYsLWstUDUktFgKCN_0SGW92,
user.000739,@user.000739:dv.techsmart.space,syt_dXNlci4wMDA3Mzk_RtjIXAbneFMDfpvHTImt_02g70v,
user.000740,@user.000740:dv.techsmart.space,syt_dXNlci4wMDA3NDA_cgDqSVYfYjGwvECxvylb_0Ahk5J,
user.000741,@user.000741:dv.techsmart.space,syt_dXNlci4wMDA3NDE_rYJmqYdlYcJIOkFUuqVt_3Y44PP,
user.000742,@user.000742:dv.techsmart.space,syt_dXNlci4wMDA3NDI_bRDhPuUNpurFJSSeTprV_1w6wWa,
user.000743,@user.000743:dv.techsmart.space,syt_dXNlci4wMDA3NDM_jIILgPcUqKdTycQDxcYI_1hXcNH,
user.000744,@user.000744:dv.techsmart.space,syt_dXNlci4wMDA3NDQ_QyRYsZONTyqGkMkSjBNu_34PDJP,
user.000745,@user.000745:dv.techsmart.space,syt_dXNlci4wMDA3NDU_ANbDUDgbIZlSXxwopBIn_2srZmI,
user.000746,@user.000746:dv.techsmart.space,syt_dXNlci4wMDA3NDY_uauVQPUSCsXAIFDsFLRt_1ARpxm,
user.000747,@user.000747:dv.techsmart.space,syt_dXNlci4wMDA3NDc_VCvIEHISJyptUtewgNKL_1nrIwb,
user.000748,@user.000748:dv.techsmart.space,syt_dXNlci4wMDA3NDg_TpypTjeqGrpkukpOTNwv_2zwCJB,
user.000749,@user.000749:dv.techsmart.space,syt_dXNlci4wMDA3NDk_OuoyZAqXVOjVhStOYJIr_0TQ0GZ,
user.000750,@user.000750:dv.techsmart.space,syt_dXNlci4wMDA3NTA_eRwxHxfAXExreZlYyJRI_0vce1S,
user.000751,@user.000751:dv.techsmart.space,syt_dXNlci4wMDA3NTE_zNLXHUuFeLvJZUECeoAD_1XFITy,
user.000752,@user.000752:dv.techsmart.space,syt_dXNlci4wMDA3NTI_ADCvmgBLNkfjcbjfKFGu_2HRtF1,
user.000753,@user.000753:dv.techsmart.space,syt_dXNlci4wMDA3NTM_NkLKmVCcIIldFIAiFxXU_1YQ60L,
user.000754,@user.000754:dv.techsmart.space,syt_dXNlci4wMDA3NTQ_HdpZLVSOlvoYZadcjGYZ_1k0i3t,
user.000755,@user.000755:dv.techsmart.space,syt_dXNlci4wMDA3NTU_YYgRJejKPHusqTLNFYjY_3MSMtt,
user.000756,@user.000756:dv.techsmart.space,syt_dXNlci4wMDA3NTY_eRBjlFbxDFymdAttXtlp_1aXvDn,
user.000757,@user.000757:dv.techsmart.space,syt_dXNlci4wMDA3NTc_wODLGcfjTrPCOUcyLXlI_1kGsEh,
user.000758,@user.000758:dv.techsmart.space,syt_dXNlci4wMDA3NTg_GOLnATaYYwStOpCPKBvw_0lkL5B,
user.000759,@user.000759:dv.techsmart.space,syt_dXNlci4wMDA3NTk_PJUjzsiCayyVPOwSBNce_2BiSN4,
user.000760,@user.000760:dv.techsmart.space,syt_dXNlci4wMDA3NjA_cvLDZTxcCXTeQoaIOlzC_2eh97R,
user.000761,@user.000761:dv.techsmart.space,syt_dXNlci4wMDA3NjE_wDtMlbOnYJRcGIpkqnKx_2asS0z,
user.000762,@user.000762:dv.techsmart.space,syt_dXNlci4wMDA3NjI_KiTCXVCjZLeEEIMrUofM_4NKnca,
user.000763,@user.000763:dv.techsmart.space,syt_dXNlci4wMDA3NjM_weVbnFsbXPCwMVmFCTEZ_3QmpVr,
user.000764,@user.000764:dv.techsmart.space,syt_dXNlci4wMDA3NjQ_vzGsCfpLdHsdtSMZgIfp_4coU2P,
user.000765,@user.000765:dv.techsmart.space,syt_dXNlci4wMDA3NjU_KTLBVJtedqQIxYQuGopn_3IZXoc,
user.000766,@user.000766:dv.techsmart.space,syt_dXNlci4wMDA3NjY_qQuaGfQQRZnIXZrLhsdB_4K27SM,
user.000767,@user.000767:dv.techsmart.space,syt_dXNlci4wMDA3Njc_IQWrjEkZIAsqsZxwXyOu_22yNzS,
user.000768,@user.000768:dv.techsmart.space,syt_dXNlci4wMDA3Njg_IfETzjdVuELdBxiaTfsW_0CghEw,
user.000769,@user.000769:dv.techsmart.space,syt_dXNlci4wMDA3Njk_PYLlYCcoGTaseKezWwGS_451aSn,
user.000770,@user.000770:dv.techsmart.space,syt_dXNlci4wMDA3NzA_GdjQmBxTsQGDGCKTisYs_3HpBRT,
user.000771,@user.000771:dv.techsmart.space,syt_dXNlci4wMDA3NzE_DCyRIhJRdxUcUkrnfrkh_0AJqah,
user.000772,@user.000772:dv.techsmart.space,syt_dXNlci4wMDA3NzI_sAdbIuBJxaCHhoQACtdE_2aNcxh,
user.000773,@user.000773:dv.techsmart.space,syt_dXNlci4wMDA3NzM_tAYQZJmdYxygypmCEbsv_2QwaAX,
user.000774,@user.000774:dv.techsmart.space,syt_dXNlci4wMDA3NzQ_ytohfPoUtiLEjPsNgAGk_3XClbD,
user.000775,@user.000775:dv.techsmart.space,syt_dXNlci4wMDA3NzU_iNpVRVWqRFFzbOUiSRBd_0JnyJ1,
user.000776,@user.000776:dv.techsmart.space,syt_dXNlci4wMDA3NzY_EBBIcVRuIimryEgbRpHd_3eqG19,
user.000777,@user.000777:dv.techsmart.space,syt_dXNlci4wMDA3Nzc_ErnLOaJUqTxsQyiCPVxp_08o5XY,
user.000778,@user.000778:dv.techsmart.space,syt_dXNlci4wMDA3Nzg_qGlkhoBDREgvoSvxCYBO_0n7L2C,
user.000779,@user.000779:dv.techsmart.space,syt_dXNlci4wMDA3Nzk_AOFwfLkKaqkHxEAUSIoi_4DRs8I,
user.000780,@user.000780:dv.techsmart.space,syt_dXNlci4wMDA3ODA_UzJhRVXWbWvgGpBRIUVr_398sP4,
user.000781,@user.000781:dv.techsmart.space,syt_dXNlci4wMDA3ODE_FwlgwkCelgaOnShCVtJm_2asshd,
user.000782,@user.000782:dv.techsmart.space,syt_dXNlci4wMDA3ODI_xrgZIsMFghxOBZTHCVsj_10DQpT,
user.000783,@user.000783:dv.techsmart.space,syt_dXNlci4wMDA3ODM_FYSfRqTjwljxaBrEsOSK_3XdNCU,
user.000784,@user.000784:dv.techsmart.space,syt_dXNlci4wMDA3ODQ_IZDcKAYIJcBHbzZGKtEY_149cs1,
user.000785,@user.000785:dv.techsmart.space,syt_dXNlci4wMDA3ODU_xGcYMxuNjiThkgePQRBF_3J4doP,
user.000786,@user.000786:dv.techsmart.space,syt_dXNlci4wMDA3ODY_GVMbKUNuRuketpNQHtjv_0VQ4I0,
user.000787,@user.000787:dv.techsmart.space,syt_dXNlci4wMDA3ODc_RUgqAFvMYzukEBtiuECI_0r0cZt,
user.000788,@user.000788:dv.techsmart.space,syt_dXNlci4wMDA3ODg_dpvTjQOdoAXJxVqEvqRt_2eDuNT,
user.000789,@user.000789:dv.techsmart.space,syt_dXNlci4wMDA3ODk_zHoGAmYMKeFWtksAvZzt_1Mx5nu,
user.000790,@user.000790:dv.techsmart.space,syt_dXNlci4wMDA3OTA_ngKDtxTjhZmJMNnRlVFX_3gzWy4,
user.000791,@user.000791:dv.techsmart.space,syt_dXNlci4wMDA3OTE_NXBPrLAnYrNOWnAKknTL_1ouEyK,
user.000792,@user.000792:dv.techsmart.space,syt_dXNlci4wMDA3OTI_bgtGApYJDyLJsBXtsKjb_3VeElb,
user.000793,@user.000793:dv.techsmart.space,syt_dXNlci4wMDA3OTM_UJcwpwILdozZvwwvblII_27eber,
user.000794,@user.000794:dv.techsmart.space,syt_dXNlci4wMDA3OTQ_AfkAmBwyLDttcgBtzvjp_1EdEqE,
user.000795,@user.000795:dv.techsmart.space,syt_dXNlci4wMDA3OTU_oXxhLYuIYbCFKLLPDVkV_2VllVS,
user.000796,@user.000796:dv.techsmart.space,syt_dXNlci4wMDA3OTY_OLBuxOIwcYNxXKqLPfXS_1qIAPq,
user.000797,@user.000797:dv.techsmart.space,syt_dXNlci4wMDA3OTc_pbtOjKEDEYnGGMxXpgwX_4Ra5TQ,
user.000798,@user.000798:dv.techsmart.space,syt_dXNlci4wMDA3OTg_AUhPoMatQeHJOGaglYet_3L4p6H,
user.000799,@user.000799:dv.techsmart.space,syt_dXNlci4wMDA3OTk_dYEiHOOsoLxLCZRemQrU_00nVIt,
user.000800,@user.000800:dv.techsmart.space,syt_dXNlci4wMDA4MDA_HltkZymWFFtWrlmlRLhI_1oE5GS,
user.000801,@user.000801:dv.techsmart.space,syt_dXNlci4wMDA4MDE_VsBPvRSjjNbAQrpylnTP_2ntSOa,
user.000802,@user.000802:dv.techsmart.space,syt_dXNlci4wMDA4MDI_cEdVsaqtDDAtgPAGZVSA_4WXPaS,
user.000803,@user.000803:dv.techsmart.space,syt_dXNlci4wMDA4MDM_MWQSwkETSafaCBStHweR_0uGXBD,
user.000804,@user.000804:dv.techsmart.space,syt_dXNlci4wMDA4MDQ_kmiAibMskVJiSHlHnKov_2r47UL,
user.000805,@user.000805:dv.techsmart.space,syt_dXNlci4wMDA4MDU_PLdhaFGLyGZOpvfbDTxP_0vKKzc,
user.000806,@user.000806:dv.techsmart.space,syt_dXNlci4wMDA4MDY_xkJKihdsDoWPCJZOqkwK_2ES6ww,
user.000807,@user.000807:dv.techsmart.space,syt_dXNlci4wMDA4MDc_JNqnfXZSFcRcROgbUoJX_2dbJNQ,
user.000808,@user.000808:dv.techsmart.space,syt_dXNlci4wMDA4MDg_sUSbDNTkaKeLykJZcfYf_2go6Hy,
user.000809,@user.000809:dv.techsmart.space,syt_dXNlci4wMDA4MDk_bJcLXsTSdsfaRevsbnEy_2lH40b,
user.000810,@user.000810:dv.techsmart.space,syt_dXNlci4wMDA4MTA_NLnvdLunpWxGBIabZYHU_3DGT4p,
user.000811,@user.000811:dv.techsmart.space,syt_dXNlci4wMDA4MTE_YiTFurfJCXJOGxlUDLpF_1Gd0db,
user.000812,@user.000812:dv.techsmart.space,syt_dXNlci4wMDA4MTI_NRvfgYbsbJiithqFCMYy_1hYhAp,
user.000813,@user.000813:dv.techsmart.space,syt_dXNlci4wMDA4MTM_fBfVdtPcuFvdTkskdJsY_31NtQr,
user.000814,@user.000814:dv.techsmart.space,syt_dXNlci4wMDA4MTQ_ImcmVqwmrBmMTroLgubx_2BRXjn,
user.000815,@user.000815:dv.techsmart.space,syt_dXNlci4wMDA4MTU_PMFTTCjGPZFihnbVdjvm_1rl9Ft,
user.000816,@user.000816:dv.techsmart.space,syt_dXNlci4wMDA4MTY_STRMTwuEHGEwTuZrQwph_3ymAee,
user.000817,@user.000817:dv.techsmart.space,syt_dXNlci4wMDA4MTc_qyqpmqZKRLSVQDcMteRe_0sjOL3,
user.000818,@user.000818:dv.techsmart.space,syt_dXNlci4wMDA4MTg_HYOXEAFSXhMOnsKxgxwG_43VwTr,
user.000819,@user.000819:dv.techsmart.space,syt_dXNlci4wMDA4MTk_wRObNRucshZbsIVIAWiB_3bzqya,
user.000820,@user.000820:dv.techsmart.space,syt_dXNlci4wMDA4MjA_dNoKjoCnmCtRjkcYCFJD_3B8AmO,
user.000821,@user.000821:dv.techsmart.space,syt_dXNlci4wMDA4MjE_fDTlESVtTYdMAwcaZzfc_0cx26t,
user.000822,@user.000822:dv.techsmart.space,syt_dXNlci4wMDA4MjI_qMPTiZvbIGtpJIzFPeUx_3G1WOh,
user.000823,@user.000823:dv.techsmart.space,syt_dXNlci4wMDA4MjM_lAusMIsTBNrLjylhdmcS_12blNv,
user.000824,@user.000824:dv.techsmart.space,syt_dXNlci4wMDA4MjQ_MUoKPSVDliBMXWvMVXCR_1xytpw,
user.000825,@user.000825:dv.techsmart.space,syt_dXNlci4wMDA4MjU_HlSEVmtrUAUXwmebslfe_3NVhFZ,
user.000826,@user.000826:dv.techsmart.space,syt_dXNlci4wMDA4MjY_REJCqWdHqecDPZvuyQWA_0DPn9w,
user.000827,@user.000827:dv.techsmart.space,syt_dXNlci4wMDA4Mjc_wDeofoSqdzFyQvMFTVCp_33VtdA,
user.000828,@user.000828:dv.techsmart.space,syt_dXNlci4wMDA4Mjg_qDtGKZpJvdgZVDMlXTPE_00uzBn,
user.000829,@user.000829:dv.techsmart.space,syt_dXNlci4wMDA4Mjk_izcZTpdjsQziOJTamdXL_029T5w,
user.000830,@user.000830:dv.techsmart.space,syt_dXNlci4wMDA4MzA_dyElAtREkydWdTDRrWbX_2nKeJB,
user.000831,@user.000831:dv.techsmart.space,syt_dXNlci4wMDA4MzE_LtksHBGseQywughWPbdO_2K2w1z,
user.000832,@user.000832:dv.techsmart.space,syt_dXNlci4wMDA4MzI_scQppBaVveXpFhcjnffM_1Q4QOq,
user.000833,@user.000833:dv.techsmart.space,syt_dXNlci4wMDA4MzM_YJtwynypxsPiKWqlMdlV_0KfVc8,
user.000834,@user.000834:dv.techsmart.space,syt_dXNlci4wMDA4MzQ_HfWNWwZlFFlGmgfQmgTP_2CLTQe,
user.000835,@user.000835:dv.techsmart.space,syt_dXNlci4wMDA4MzU_FJFQXtjCmHmLoALcqYKZ_2lTCrZ,
user.000836,@user.000836:dv.techsmart.space,syt_dXNlci4wMDA4MzY_mTUMxLMuzqbhHLZPxFtj_0tHcJl,
user.000837,@user.000837:dv.techsmart.space,syt_dXNlci4wMDA4Mzc_aVzhBlgSHvLAjnWpeVYr_1yfOUD,
user.000838,@user.000838:dv.techsmart.space,syt_dXNlci4wMDA4Mzg_BtqiYxuJIlSwHWEmqjGj_1VgagX,
user.000839,@user.000839:dv.techsmart.space,syt_dXNlci4wMDA4Mzk_FMoyTpDhqYlgKkMeoKQN_4bV0Xd,
user.000840,@user.000840:dv.techsmart.space,syt_dXNlci4wMDA4NDA_VTDgeVkrwzLMsijqOyDw_1l5KFb,
user.000841,@user.000841:dv.techsmart.space,syt_dXNlci4wMDA4NDE_EzTifiiJkgeGlKhPJdji_2BxMfD,
user.000842,@user.000842:dv.techsmart.space,syt_dXNlci4wMDA4NDI_mixeYbJnPwCCxBQIGbsa_2SQFpG,
user.000843,@user.000843:dv.techsmart.space,syt_dXNlci4wMDA4NDM_dJGbJjopveKroLUVjhtz_4J4oGh,
user.000844,@user.000844:dv.techsmart.space,syt_dXNlci4wMDA4NDQ_KbdQbBTmwUwlypxoafkQ_41pNk0,
user.000845,@user.000845:dv.techsmart.space,syt_dXNlci4wMDA4NDU_ySObahAuriwgKabrLLEn_2ZaZ0F,
user.000846,@user.000846:dv.techsmart.space,syt_dXNlci4wMDA4NDY_iJanRUqQjkpswMvnqxmo_09Y6ej,
user.000847,@user.000847:dv.techsmart.space,syt_dXNlci4wMDA4NDc_CVWOoQCwQmxioylrYerT_2xisdE,
user.000848,@user.000848:dv.techsmart.space,syt_dXNlci4wMDA4NDg_QkFUovjYuZLyWwbLePdJ_2OnpwB,
user.000849,@user.000849:dv.techsmart.space,syt_dXNlci4wMDA4NDk_CNFqOdwGtqYdMeVYoGgY_16vdmi,
user.000850,@user.000850:dv.techsmart.space,syt_dXNlci4wMDA4NTA_QEDOwSPJvxxGIcJQYtil_4QNWi3,
user.000851,@user.000851:dv.techsmart.space,syt_dXNlci4wMDA4NTE_frIcJQDYEqypmfqWKLEs_3EDtMz,
user.000852,@user.000852:dv.techsmart.space,syt_dXNlci4wMDA4NTI_NRQZPtsGCMsGfYoUOgHE_3B3zRS,
user.000853,@user.000853:dv.techsmart.space,syt_dXNlci4wMDA4NTM_IBTHomfeNaqtmWjDbBoL_2lEnfr,
user.000854,@user.000854:dv.techsmart.space,syt_dXNlci4wMDA4NTQ_jrBsQKgzLmfHOETFhATW_3SXmtf,
user.000855,@user.000855:dv.techsmart.space,syt_dXNlci4wMDA4NTU_hBwqTIgRKawGHpKFvWtQ_3xNmi2,
user.000856,@user.000856:dv.techsmart.space,syt_dXNlci4wMDA4NTY_UbzUBXpIKsHMQTGookiy_0vFpOm,
user.000857,@user.000857:dv.techsmart.space,syt_dXNlci4wMDA4NTc_DhYxfMKEYHOIzncgdwnl_2adaSz,
user.000858,@user.000858:dv.techsmart.space,syt_dXNlci4wMDA4NTg_JqwDUabVTDrqWXyEXfGj_3Imhjc,
user.000859,@user.000859:dv.techsmart.space,syt_dXNlci4wMDA4NTk_sTbrGyrVcsFFKuLYGrbl_3VjGR8,
user.000860,@user.000860:dv.techsmart.space,syt_dXNlci4wMDA4NjA_QErKiYFrozmlGSOHShnM_2OjX4X,
user.000861,@user.000861:dv.techsmart.space,syt_dXNlci4wMDA4NjE_MbpbKcJkPAdluhhwKYTI_3Uo6Ap,
user.000862,@user.000862:dv.techsmart.space,syt_dXNlci4wMDA4NjI_tTTkkxguhcsqOjGzWIRM_4Ph7jf,
user.000863,@user.000863:dv.techsmart.space,syt_dXNlci4wMDA4NjM_SqAXKFPuuorCqUENbpHY_4PPiNU,
user.000864,@user.000864:dv.techsmart.space,syt_dXNlci4wMDA4NjQ_mrMKAOVZcviLIWDXCYJG_2JbFBo,
user.000865,@user.000865:dv.techsmart.space,syt_dXNlci4wMDA4NjU_DwCXZwOelZGnzRhFhFOT_2me6oR,
user.000866,@user.000866:dv.techsmart.space,syt_dXNlci4wMDA4NjY_IjnwMhnBFDmEhufANZhP_2qVNEy,
user.000867,@user.000867:dv.techsmart.space,syt_dXNlci4wMDA4Njc_xndjWGTZXlxofCFbGXUu_0UTOF7,
user.000868,@user.000868:dv.techsmart.space,syt_dXNlci4wMDA4Njg_hpDwpfFOyNcKhYeiAMbo_2zIVP8,
user.000869,@user.000869:dv.techsmart.space,syt_dXNlci4wMDA4Njk_YGCLqMJkgBIZrcnooogQ_31mfsk,
user.000870,@user.000870:dv.techsmart.space,syt_dXNlci4wMDA4NzA_RfqbOVeJzKrubqIZAOlR_077cQp,
user.000871,@user.000871:dv.techsmart.space,syt_dXNlci4wMDA4NzE_rUsOFFFPwwKbOxnhLUgR_2ubiTt,
user.000872,@user.000872:dv.techsmart.space,syt_dXNlci4wMDA4NzI_YtvMumUWFGUhhEDiuShH_0dyzuJ,
user.000873,@user.000873:dv.techsmart.space,syt_dXNlci4wMDA4NzM_ZSnsySFxmLfUjSvdYiPp_4FgquR,
user.000874,@user.000874:dv.techsmart.space,syt_dXNlci4wMDA4NzQ_WTUtyPwUTjBfTuYxHXtv_0ldvcg,
user.000875,@user.000875:dv.techsmart.space,syt_dXNlci4wMDA4NzU_kkrUCpUhrTiIZYpXQFRo_3ykPTn,
user.000876,@user.000876:dv.techsmart.space,syt_dXNlci4wMDA4NzY_BHaKAYUIleByMtWHwcpx_2ABfQb,
user.000877,@user.000877:dv.techsmart.space,syt_dXNlci4wMDA4Nzc_hKYlFGzumhgTWqIJkOUo_0b5G23,
user.000878,@user.000878:dv.techsmart.space,syt_dXNlci4wMDA4Nzg_riimEBxUFwFlfQxAYfrE_0Ppi60,
user.000879,@user.000879:dv.techsmart.space,syt_dXNlci4wMDA4Nzk_ooqxoynRutyXAuiIYeze_0c31p0,
user.000880,@user.000880:dv.techsmart.space,syt_dXNlci4wMDA4ODA_vHYvQoKccFUKIfolxMTa_0bVGhK,
user.000881,@user.000881:dv.techsmart.space,syt_dXNlci4wMDA4ODE_pzjQABRBiePacDKAXXxn_2o7wej,
user.000882,@user.000882:dv.techsmart.space,syt_dXNlci4wMDA4ODI_ipFnWBQDPYZqcnbeBlih_08Qq7U,
user.000883,@user.000883:dv.techsmart.space,syt_dXNlci4wMDA4ODM_efzHCIuqkWcZhTSnRHss_43WHoT,
user.000884,@user.000884:dv.techsmart.space,syt_dXNlci4wMDA4ODQ_wONgMlTjarECYpuROYQo_45K6Lf,
user.000885,@user.000885:dv.techsmart.space,syt_dXNlci4wMDA4ODU_NLjZyAyKHejIExsJYRJA_2xNx62,
user.000886,@user.000886:dv.techsmart.space,syt_dXNlci4wMDA4ODY_dBFMcOYZflCAuPcsmHOU_4LZCLO,
user.000887,@user.000887:dv.techsmart.space,syt_dXNlci4wMDA4ODc_TpVQlnFpkUnJbHbPNfJw_4Xmzkt,
user.000888,@user.000888:dv.techsmart.space,syt_dXNlci4wMDA4ODg_ulbKBAnwuPfxwMrmEMRP_1nmP6O,
user.000889,@user.000889:dv.techsmart.space,syt_dXNlci4wMDA4ODk_ngEKXankNysjOzDapXSW_1f8Aya,
user.000890,@user.000890:dv.techsmart.space,syt_dXNlci4wMDA4OTA_umKocAuLoXTwHHiaYpJL_0mtGgx,
user.000891,@user.000891:dv.techsmart.space,syt_dXNlci4wMDA4OTE_vpJNmTpIDkrUwnErMarB_3wsGPz,
user.000892,@user.000892:dv.techsmart.space,syt_dXNlci4wMDA4OTI_WfjcEHpAwYYUEwwefvGm_4PNLFJ,
user.000893,@user.000893:dv.techsmart.space,syt_dXNlci4wMDA4OTM_qpeuAGMMGoFIuDyKJptq_48e1cA,
user.000894,@user.000894:dv.techsmart.space,syt_dXNlci4wMDA4OTQ_xUIJuwKctCzsbPQJLCCz_3OrUpw,
user.000895,@user.000895:dv.techsmart.space,syt_dXNlci4wMDA4OTU_WSytxVjYowpKEMfwKiHP_02j7Vy,
user.000896,@user.000896:dv.techsmart.space,syt_dXNlci4wMDA4OTY_fApZjUpRZUnCKzGYFPvg_2euZZp,
user.000897,@user.000897:dv.techsmart.space,syt_dXNlci4wMDA4OTc_FMJVqreiKzJddNQkQifJ_17LOlb,
user.000898,@user.000898:dv.techsmart.space,syt_dXNlci4wMDA4OTg_eyKDYafqZMmnYNDRKOuv_2RSakn,
user.000899,@user.000899:dv.techsmart.space,syt_dXNlci4wMDA4OTk_ahXiDpXiUMURGRAZDvvf_2zPEcN,
user.000900,@user.000900:dv.techsmart.space,syt_dXNlci4wMDA5MDA_XNqBfkFKlnuybIcOaoBb_4Csm0H,
user.000901,@user.000901:dv.techsmart.space,syt_dXNlci4wMDA5MDE_fNUPAvfOVqPkxAacoqCm_2eGw4P,
user.000902,@user.000902:dv.techsmart.space,syt_dXNlci4wMDA5MDI_YBdnRVrFZpzVQvSRcvEf_41CIwt,
user.000903,@user.000903:dv.techsmart.space,syt_dXNlci4wMDA5MDM_jERQMivVOyzGmWQAqebL_0j5PU4,
user.000904,@user.000904:dv.techsmart.space,syt_dXNlci4wMDA5MDQ_yEQXdWmIZnIUdQTnEtZV_0D58oV,
user.000905,@user.000905:dv.techsmart.space,syt_dXNlci4wMDA5MDU_chgFutkvtkRRNxoOoJss_32nKNA,
user.000906,@user.000906:dv.techsmart.space,syt_dXNlci4wMDA5MDY_tQQtiMHCatYFisRsaAOr_0EgnJC,
user.000907,@user.000907:dv.techsmart.space,syt_dXNlci4wMDA5MDc_UJJxVYZxsGnaejbBJlwr_3SGcIJ,
user.000908,@user.000908:dv.techsmart.space,syt_dXNlci4wMDA5MDg_BnkNgLCeLHkPEEbdbNaC_33SO16,
user.000909,@user.000909:dv.techsmart.space,syt_dXNlci4wMDA5MDk_kFswSNKYMWxTJQBvHpnj_2UtSlc,
user.000910,@user.000910:dv.techsmart.space,syt_dXNlci4wMDA5MTA_YoInIWSZXJoHaQFTbCIs_0oMYPF,
user.000911,@user.000911:dv.techsmart.space,syt_dXNlci4wMDA5MTE_bXtECVXuSHupbAkxMWDm_16QnAo,
user.000912,@user.000912:dv.techsmart.space,syt_dXNlci4wMDA5MTI_RNIMJyPOVbVWoTapbnBk_0lHRAx,
user.000913,@user.000913:dv.techsmart.space,syt_dXNlci4wMDA5MTM_XnpweHSHSuWlTtfZRvxF_10PzKj,
user.000914,@user.000914:dv.techsmart.space,syt_dXNlci4wMDA5MTQ_TSPVeykGbdPlnrmvXKcM_4SBIgS,
user.000915,@user.000915:dv.techsmart.space,syt_dXNlci4wMDA5MTU_vtRwwRrUEzVGQgAJNocE_0sWYsA,
user.000916,@user.000916:dv.techsmart.space,syt_dXNlci4wMDA5MTY_CEyTtFtDPsCmFcoPTDAg_2myeYe,
user.000917,@user.000917:dv.techsmart.space,syt_dXNlci4wMDA5MTc_iWlZBChpmwQPFxhLuPBg_33YdWQ,
user.000918,@user.000918:dv.techsmart.space,syt_dXNlci4wMDA5MTg_dfCJIFKWCvSQvpkNeUdM_0ehqEE,
user.000919,@user.000919:dv.techsmart.space,syt_dXNlci4wMDA5MTk_LHkzEkwapCigzdOoacBo_240JTP,
user.000920,@user.000920:dv.techsmart.space,syt_dXNlci4wMDA5MjA_lHHHFcmxXRRgmgMGSIGk_3CspEA,
user.000921,@user.000921:dv.techsmart.space,syt_dXNlci4wMDA5MjE_tYWxlsxITJeKUoTAgbVg_0NY1q8,
user.000922,@user.000922:dv.techsmart.space,syt_dXNlci4wMDA5MjI_anagRHqmHvuhuUzPxCpI_4c5SRN,
user.000923,@user.000923:dv.techsmart.space,syt_dXNlci4wMDA5MjM_rDTxfzqTbwqJuTHbOEiV_4HNAUp,
user.000924,@user.000924:dv.techsmart.space,syt_dXNlci4wMDA5MjQ_vBpIIRWRJBhqDdaXozxR_0NRVFk,
user.000925,@user.000925:dv.techsmart.space,syt_dXNlci4wMDA5MjU_DQJzNZuRqYkxeSroHPec_0UKwbT,
user.000926,@user.000926:dv.techsmart.space,syt_dXNlci4wMDA5MjY_CFPePcyMFvAifJYDJydF_2eyZn8,
user.000927,@user.000927:dv.techsmart.space,syt_dXNlci4wMDA5Mjc_OkrvOqfnRzBWMsvYMTrS_1m1XdJ,
user.000928,@user.000928:dv.techsmart.space,syt_dXNlci4wMDA5Mjg_egOlMmFaIIyjtJMLzoVm_3nhLYJ,
user.000929,@user.000929:dv.techsmart.space,syt_dXNlci4wMDA5Mjk_gloXjCMvKYxYCNssePlj_0NWkID,
user.000930,@user.000930:dv.techsmart.space,syt_dXNlci4wMDA5MzA_bNWSpohgwJdxTqWdIujw_1Xywci,
user.000931,@user.000931:dv.techsmart.space,syt_dXNlci4wMDA5MzE_XbbkDwAVEFtiKgnxcIyU_0dy9jU,
user.000932,@user.000932:dv.techsmart.space,syt_dXNlci4wMDA5MzI_CouUOHbmjCUAagMUrDiK_06D8UZ,
user.000933,@user.000933:dv.techsmart.space,syt_dXNlci4wMDA5MzM_SwoUwuIVmmfmYzlfNLcX_3MwzMs,
user.000934,@user.000934:dv.techsmart.space,syt_dXNlci4wMDA5MzQ_kqbeUosMZrosjRVBuIPD_19mFW0,
user.000935,@user.000935:dv.techsmart.space,syt_dXNlci4wMDA5MzU_pxLRfmSExxgUnVmNhIhq_0TKT5q,
user.000936,@user.000936:dv.techsmart.space,syt_dXNlci4wMDA5MzY_hoBWsiWgJClIMAONZIae_33NJFE,
user.000937,@user.000937:dv.techsmart.space,syt_dXNlci4wMDA5Mzc_hgtNFaOUBWTFuxyZquic_2dCwMf,
user.000938,@user.000938:dv.techsmart.space,syt_dXNlci4wMDA5Mzg_LrAimDyJglzTNCcNBdjO_4edf0r,
user.000939,@user.000939:dv.techsmart.space,syt_dXNlci4wMDA5Mzk_DwexhMBbYchAWLKweVzm_2Op2Wt,
user.000940,@user.000940:dv.techsmart.space,syt_dXNlci4wMDA5NDA_DUPIyUXGrIrHsOrefVgE_3Idr7F,
user.000941,@user.000941:dv.techsmart.space,syt_dXNlci4wMDA5NDE_bBFEPCbSgLVPYmxTMnte_2RqYw4,
user.000942,@user.000942:dv.techsmart.space,syt_dXNlci4wMDA5NDI_jwAhoADwrnYIRhEmdkpp_3f8K7z,
user.000943,@user.000943:dv.techsmart.space,syt_dXNlci4wMDA5NDM_muJzvHAsBthijHMYPAQJ_1M2FvJ,
user.000944,@user.000944:dv.techsmart.space,syt_dXNlci4wMDA5NDQ_lfLNBGWyUTCgSgqLZusF_1dAa28,
user.000945,@user.000945:dv.techsmart.space,syt_dXNlci4wMDA5NDU_GgbVPfGlCzOtHVtjsItC_2kv9DM,
user.000946,@user.000946:dv.techsmart.space,syt_dXNlci4wMDA5NDY_BBKRHuEqQejujDYnpZJi_3JOGf6,
user.000947,@user.000947:dv.techsmart.space,syt_dXNlci4wMDA5NDc_FAGIFrEcicljNLPavJIm_1FxbA9,
user.000948,@user.000948:dv.techsmart.space,syt_dXNlci4wMDA5NDg_EjEkZReUvIMyrCUeInmG_28n0lU,
user.000949,@user.000949:dv.techsmart.space,syt_dXNlci4wMDA5NDk_IxIzkYwTfSCXiptVaRZy_0vXnB3,
user.000950,@user.000950:dv.techsmart.space,syt_dXNlci4wMDA5NTA_lozufzzMXhSyoFDCjSVP_3qfNHr,
user.000951,@user.000951:dv.techsmart.space,syt_dXNlci4wMDA5NTE_IPOUJOzTsGrSMVLDNDdz_1GUoLk,
user.000952,@user.000952:dv.techsmart.space,syt_dXNlci4wMDA5NTI_vVrnrqmNSYofLubuHoph_2iNRGb,
user.000953,@user.000953:dv.techsmart.space,syt_dXNlci4wMDA5NTM_zzfyLvKfCDtppYzHheGc_4WD9Us,
user.000954,@user.000954:dv.techsmart.space,syt_dXNlci4wMDA5NTQ_fokjLHPGpnBIOnZSzfXJ_3aG5bU,
user.000955,@user.000955:dv.techsmart.space,syt_dXNlci4wMDA5NTU_ePMHbWfrDwgTzPAXgHUQ_0wZ9cH,
user.000956,@user.000956:dv.techsmart.space,syt_dXNlci4wMDA5NTY_epZqhUEsRLjBtMrpEREn_0KbALS,
user.000957,@user.000957:dv.techsmart.space,syt_dXNlci4wMDA5NTc_verlmoyzXnEGjSbHuFxi_1Q876l,
user.000958,@user.000958:dv.techsmart.space,syt_dXNlci4wMDA5NTg_YjemnZKZQYLTYYVkjTUm_0achBe,
user.000959,@user.000959:dv.techsmart.space,syt_dXNlci4wMDA5NTk_klJduIQRCElhBsBDdaLr_0e4f4Y,
user.000960,@user.000960:dv.techsmart.space,syt_dXNlci4wMDA5NjA_iiMzenHFDkqyyaPANJEE_0q8wHD,
user.000961,@user.000961:dv.techsmart.space,syt_dXNlci4wMDA5NjE_epBryCikFtZjmalfgtJj_13tTeM,
user.000962,@user.000962:dv.techsmart.space,syt_dXNlci4wMDA5NjI_hsURWlyIMgRuQUiJgvwU_1ZroUx,
user.000963,@user.000963:dv.techsmart.space,syt_dXNlci4wMDA5NjM_ApkVghEwkHjkEINELqjf_1edSnz,
user.000964,@user.000964:dv.techsmart.space,syt_dXNlci4wMDA5NjQ_zwkahEeTgmInhHdligUz_3cbYKJ,
user.000965,@user.000965:dv.techsmart.space,syt_dXNlci4wMDA5NjU_CHDemRHKiVzsOEQJIPWq_4HWtss,
user.000966,@user.000966:dv.techsmart.space,syt_dXNlci4wMDA5NjY_PikSXDwhIRlcTWQPTGII_0DVoAC,
user.000967,@user.000967:dv.techsmart.space,syt_dXNlci4wMDA5Njc_avBBwquCquQJVzZtrRms_2MDOru,
user.000968,@user.000968:dv.techsmart.space,syt_dXNlci4wMDA5Njg_iWzStSFsCTcXMUEGbNVs_3OTJsA,
user.000969,@user.000969:dv.techsmart.space,syt_dXNlci4wMDA5Njk_EhqISiUggMOGAZnEofSL_1Gsps5,
user.000970,@user.000970:dv.techsmart.space,syt_dXNlci4wMDA5NzA_ANXFvPoBWOlquyORVpYz_13dRjv,
user.000971,@user.000971:dv.techsmart.space,syt_dXNlci4wMDA5NzE_xodyLpenUasSjHwdWMhP_3v8SmA,
user.000972,@user.000972:dv.techsmart.space,syt_dXNlci4wMDA5NzI_yWClskTkrFhSMLkCqHcZ_1tDmzL,
user.000973,@user.000973:dv.techsmart.space,syt_dXNlci4wMDA5NzM_ewrhCCLLIbpZNmbunCjB_0HUdJ2,
user.000974,@user.000974:dv.techsmart.space,syt_dXNlci4wMDA5NzQ_lrRyHfpNmHIbFBQNlhXp_0wgGYK,
user.000975,@user.000975:dv.techsmart.space,syt_dXNlci4wMDA5NzU_nwoUqzVJRkKKqAfOmHtg_2Ynz30,
user.000976,@user.000976:dv.techsmart.space,syt_dXNlci4wMDA5NzY_MltfDJFdjGrcDodujnrj_4dj2ZK,
user.000977,@user.000977:dv.techsmart.space,syt_dXNlci4wMDA5Nzc_VELwVjTMoAyOoexwYvqC_3JPERE,
user.000978,@user.000978:dv.techsmart.space,syt_dXNlci4wMDA5Nzg_NJSXMacEdaBPdDiHtyPK_00OYKK,
user.000979,@user.000979:dv.techsmart.space,syt_dXNlci4wMDA5Nzk_EkTDBVPYPJGeQyoQPLTB_4arQCf,
user.000980,@user.000980:dv.techsmart.space,syt_dXNlci4wMDA5ODA_kULQrGeulIdmtsiJCWZr_1ULRGi,
user.000981,@user.000981:dv.techsmart.space,syt_dXNlci4wMDA5ODE_CKAxkTiwwBUimNCsGYUQ_0JuxZg,
user.000982,@user.000982:dv.techsmart.space,syt_dXNlci4wMDA5ODI_tnJtsNqryaNympwvHogI_3l3v24,
user.000983,@user.000983:dv.techsmart.space,syt_dXNlci4wMDA5ODM_JBvapvgMoUQSRPTTRytv_1Rn8AO,
user.000984,@user.000984:dv.techsmart.space,syt_dXNlci4wMDA5ODQ_XQLazHlecLylpDHVTGtK_2OnPca,
user.000985,@user.000985:dv.techsmart.space,syt_dXNlci4wMDA5ODU_VLOlVTYeGoagjycRXlzf_0rXuBr,
user.000986,@user.000986:dv.techsmart.space,syt_dXNlci4wMDA5ODY_WNfkQgSCjczerDzNIzOx_2aaVSD,
user.000987,@user.000987:dv.techsmart.space,syt_dXNlci4wMDA5ODc_CoVQIdUTtdCVAilAvmon_3auOXB,
user.000988,@user.000988:dv.techsmart.space,syt_dXNlci4wMDA5ODg_wdwxELpGZPSShPMWwzif_45Atxy,
user.000989,@user.000989:dv.techsmart.space,syt_dXNlci4wMDA5ODk_MMLiiXVehaMNALVRICQQ_4MkzDS,
user.000990,@user.000990:dv.techsmart.space,syt_dXNlci4wMDA5OTA_FAJecaNMjkqhhPZzPRqi_2YBQi9,
user.000991,@user.000991:dv.techsmart.space,syt_dXNlci4wMDA5OTE_XGsWZhvzOsLWijTaTCZQ_3JUIIr,
user.000992,@user.000992:dv.techsmart.space,syt_dXNlci4wMDA5OTI_hAhmGDYqpzYjsGuHkbAx_2X1I9C,
user.000993,@user.000993:dv.techsmart.space,syt_dXNlci4wMDA5OTM_WnvzDxkktoNmlStHHCqk_01dYCP,
user.000994,@user.000994:dv.techsmart.space,syt_dXNlci4wMDA5OTQ_ogNgAZrrKJmwgmKPXtWh_0M0qgh,
user.000995,@user.000995:dv.techsmart.space,syt_dXNlci4wMDA5OTU_QsuwAzkeTxVmLRpXzUVq_0CrxRS,
user.000996,@user.000996:dv.techsmart.space,syt_dXNlci4wMDA5OTY_ejBFNFUkmLKPbVOAQaNI_1GA8Bz,
user.000997,@user.000997:dv.techsmart.space,syt_dXNlci4wMDA5OTc_xIHECuhExCeJepehMACT_3LHL7n,
user.000998,@user.000998:dv.techsmart.space,syt_dXNlci4wMDA5OTg_rkWkmamglvKDbjofteue_2QJPlD,
user.000999,@user.000999:dv.techsmart.space,syt_dXNlci4wMDA5OTk_AdGFTGfLNcgOUefwWiva_2dyi3b,
